,hash,native_id,name,mut,rc,seq_n,dual_inf,rep,submit,duration,realtime,X.cpu,peak_rss,peak_vmem,rchar,wchar,parsed_hours
0,16/b1fdb5,220545.hpcnode0,geneconv,0.0001,1e-06,100,0.05,1,2019-08-13 14:47:00.847,14.8s,13.8s,99.3%,5.2 MB,113.3 MB,250.3 KB,44.1 KB,0.016666666666666666
1,c6/94a862,220548.hpcnode0,geneconv,0.0001,1e-07,100,0.05,3,2019-08-13 14:47:01.124,39.5s,17.7s,99.7%,5.3 MB,113.4 MB,250.3 KB,21.1 KB,0.016666666666666666
2,a5/edf7dd,220557.hpcnode0,geneconv,0.0001,1e-06,100,0.05,2,2019-08-13 14:47:01.762,38.8s,12s,98.9%,5.1 MB,113.1 MB,250.3 KB,34.6 KB,0.016666666666666666
3,1a/ba3ce1,220559.hpcnode0,geneconv,0.0001,1e-07,100,0.05,1,2019-08-13 14:47:01.913,38.7s,18.7s,99.8%,5.3 MB,113.4 MB,250.3 KB,17.1 KB,0.016666666666666666
4,78/ed89d4,220561.hpcnode0,geneconv,0.0001,1e-06,100,0.05,3,2019-08-13 14:47:02.072,38.6s,17s,99.4%,5.3 MB,113.4 MB,250.3 KB,23.4 KB,0.016666666666666666
5,09/2634f0,220562.hpcnode0,geneconv,0.0001,1e-07,100,0.05,2,2019-08-13 14:47:02.135,38.5s,15.9s,99.3%,5.2 MB,113.3 MB,250.3 KB,18.2 KB,0.016666666666666666
6,b9/b2953c,220551.hpcnode0,geneconv,0.001,1e-07,100,0.05,1,2019-08-13 14:47:01.364,1m 44s,1m 7s,100.1%,6.1 MB,114.2 MB,250.3 KB,40.6 KB,0.03333333333333333
7,b8/65cb39,220552.hpcnode0,geneconv,0.001,1e-06,100,0.05,2,2019-08-13 14:47:01.437,1m 44s,1m 10s,100.1%,6.1 MB,114.2 MB,250.3 KB,42.8 KB,0.03333333333333333
8,a0/18db21,220553.hpcnode0,geneconv,0.001,1e-06,100,0.05,1,2019-08-13 14:47:01.517,1m 44s,1m 9s,100.1%,6.1 MB,114.2 MB,250.3 KB,93.8 KB,0.03333333333333333
9,d7/4ecaad,220554.hpcnode0,geneconv,0.001,1e-07,100,0.05,3,2019-08-13 14:47:01.579,1m 44s,1m 12s,100.0%,6.2 MB,114.3 MB,250.3 KB,103.8 KB,0.03333333333333333
10,e7/e82ada,220556.hpcnode0,geneconv,0.001,1e-06,100,0.05,3,2019-08-13 14:47:01.702,1m 44s,1m 7s,100.0%,6.1 MB,114.2 MB,250.3 KB,49.3 KB,0.03333333333333333
11,7c/57a89a,220560.hpcnode0,geneconv,0.001,1e-07,100,0.05,2,2019-08-13 14:47:01.986,1m 44s,1m 3s,99.9%,6.2 MB,114.3 MB,250.3 KB,70.2 KB,0.03333333333333333
12,a8/e65a8a,220546.hpcnode0,geneconv,0.01,1e-06,100,0.05,2,2019-08-13 14:47:00.942,2m 55s,2m 51s,100.0%,6.4 MB,114.5 MB,250.3 KB,9.4 KB,0.05
13,40/a04ed5,220547.hpcnode0,geneconv,0.01,1e-07,100,0.05,3,2019-08-13 14:47:01.040,3m 40s,2m 58s,100.1%,6.6 MB,114.7 MB,250.3 KB,9.4 KB,0.05
14,5e/d1e5c4,220549.hpcnode0,geneconv,0.01,1e-06,100,0.05,3,2019-08-13 14:47:01.199,3m 44s,2m 51s,100.1%,6.4 MB,114.5 MB,250.3 KB,9.7 KB,0.05
15,a1/f8fb3b,220550.hpcnode0,geneconv,0.01,1e-07,100,0.05,1,2019-08-13 14:47:01.295,3m 44s,3m 7s,100.0%,6.2 MB,114.3 MB,250.3 KB,9.4 KB,0.06666666666666667
16,51/c9630a,220555.hpcnode0,geneconv,0.01,1e-06,100,0.05,1,2019-08-13 14:47:01.641,3m 49s,3m 13s,100.1%,6.3 MB,114.4 MB,250.3 KB,9.7 KB,0.06666666666666667
17,7c/5a7511,220558.hpcnode0,geneconv,0.01,1e-07,100,0.05,2,2019-08-13 14:47:01.822,3m 49s,3m 46s,100.1%,6 MB,114.1 MB,250.3 KB,9.4 KB,0.06666666666666667
18,0a/097a58,219190.hpcnode0,profile_s,0.0001,1e-07,100,0.05,2,2019-07-31 13:37:01.345,4.7s,1.2s,95.6%,2.4 MB,110.6 MB,217.1 KB,6 KB,0.016666666666666666
19,c3/5d3bfa,219191.hpcnode0,3seq_s,0.001,1e-07,100,0.05,1,2019-07-31 13:37:01.430,4.7s,3.5s,81.4%,450.7 MB,563.4 MB,436.5 MB,9.4 KB,0.016666666666666666
20,2b/d9613e,219195.hpcnode0,3seq_s,0.001,1e-06,100,0.05,3,2019-07-31 13:37:01.709,4.6s,3.6s,76.7%,450.7 MB,563.4 MB,436.5 MB,9.4 KB,0.016666666666666666
21,56/917c79,219199.hpcnode0,profile_s,0.01,1e-06,100,0.05,2,2019-07-31 13:37:02.014,4.3s,2.8s,97.7%,3.1 MB,111.2 MB,217.2 KB,6 KB,0.016666666666666666
22,b7/f50faa,219200.hpcnode0,3seq_s,0.0001,1e-07,100,0.05,3,2019-07-31 13:37:02.114,4.2s,2.1s,35.6%,339.1 MB,563.4 MB,436.5 MB,9.3 KB,0.016666666666666666
23,ed/6f1c91,219202.hpcnode0,3seq_s,0.0001,1e-06,100,0.05,1,2019-07-31 13:37:02.280,4.1s,1.7s,32.7%,391 MB,563.4 MB,436.5 MB,9.3 KB,0.016666666666666666
24,00/ab6eb5,219204.hpcnode0,profile_s,0.01,1e-07,100,0.05,1,2019-07-31 13:37:02.420,4s,3.2s,97.9%,3.2 MB,111.3 MB,217.1 KB,6 KB,0.016666666666666666
25,06/62df9d,219206.hpcnode0,3seq_s,0.0001,1e-06,100,0.05,2,2019-07-31 13:37:02.581,3.9s,1.2s,33.8%,450.6 MB,563.4 MB,436.4 MB,9.3 KB,0.016666666666666666
26,40/e25b42,219207.hpcnode0,3seq_s,0.0001,1e-07,100,0.05,2,2019-07-31 13:37:02.655,3.8s,1.6s,51.1%,450.6 MB,563.4 MB,436.4 MB,9.3 KB,0.016666666666666666
27,4c/7d3a84,219210.hpcnode0,profile_s,0.01,1e-07,100,0.05,3,2019-07-31 13:37:02.845,3.7s,2.3s,97.4%,2.9 MB,111.1 MB,217.1 KB,6 KB,0.016666666666666666
28,db/b09f7c,219211.hpcnode0,profile_s,0.001,1e-07,100,0.05,2,2019-07-31 13:37:02.919,3.7s,1.3s,95.3%,2.5 MB,110.6 MB,217.1 KB,6 KB,0.016666666666666666
29,d4/c9e285,219214.hpcnode0,profile_s,0.001,1e-06,100,0.05,3,2019-07-31 13:37:03.107,3.5s,1.3s,94.5%,2.5 MB,110.6 MB,217.1 KB,6 KB,0.016666666666666666
30,58/5c4155,219215.hpcnode0,profile_s,0.001,1e-07,100,0.05,3,2019-07-31 13:37:03.168,3.5s,1.3s,94.6%,2.5 MB,110.6 MB,217.1 KB,6 KB,0.016666666666666666
31,ae/aadf4d,219220.hpcnode0,profile_s,0.001,1e-06,100,0.05,2,2019-07-31 13:37:03.483,3.2s,1.6s,96.4%,2.5 MB,112.6 MB,219.9 KB,6 KB,0.016666666666666666
32,6a/2b77ce,219222.hpcnode0,3seq_s,0.0001,1e-07,100,0.05,1,2019-07-31 13:37:03.612,3.1s,2.1s,50.0%,371.5 MB,565.4 MB,436.4 MB,9.3 KB,0.016666666666666666
33,f2/a2e5ec,219223.hpcnode0,profile_s,0.0001,1e-06,100,0.05,2,2019-07-31 13:37:03.683,3s,1.4s,96.7%,2.4 MB,112.6 MB,219.9 KB,6.3 KB,0.016666666666666666
34,f6/160b05,219224.hpcnode0,profile_s,0.0001,1e-07,100,0.05,3,2019-07-31 13:37:03.744,3s,1.5s,95.7%,2.4 MB,112.6 MB,219.9 KB,6 KB,0.016666666666666666
35,a0/d6a133,219227.hpcnode0,profile_s,0.001,1e-07,100,0.05,1,2019-07-31 13:37:03.937,2.8s,1.6s,94.9%,2.5 MB,112.6 MB,220.1 KB,6 KB,0.016666666666666666
36,3e/ce6f76,219230.hpcnode0,profile_s,0.0001,1e-06,100,0.05,3,2019-07-31 13:37:04.129,2.6s,1.5s,94.1%,2.4 MB,112.6 MB,220.1 KB,6 KB,0.016666666666666666
37,f4/097fd8,219232.hpcnode0,profile_s,0.001,1e-06,100,0.05,1,2019-07-31 13:37:04.305,2.5s,1.6s,95.6%,2.5 MB,112.6 MB,220.1 KB,6 KB,0.016666666666666666
38,c6/e21c5d,219235.hpcnode0,profile_s,0.0001,1e-06,100,0.05,1,2019-07-31 13:37:04.507,2.3s,1.5s,95.1%,2.4 MB,112.6 MB,219.9 KB,6 KB,0.016666666666666666
39,48/7f8bb5,219237.hpcnode0,profile_s,0.0001,1e-07,100,0.05,1,2019-07-31 13:37:04.673,2.2s,1.3s,94.8%,2.4 MB,110.6 MB,217.1 KB,6 KB,0.016666666666666666
40,90/4d92d6,219238.hpcnode0,3seq_s,0.0001,1e-06,100,0.05,3,2019-07-31 13:37:04.744,2.2s,742ms,86.8%,1.3 MB,103.6 MB,436.4 MB,9.3 KB,0.016666666666666666
41,51/83ca38,219192.hpcnode0,3seq_s,0.01,1e-06,100,0.05,1,2019-07-31 13:37:01.497,9.6s,6.2s,91.5%,450.7 MB,563.4 MB,436.5 MB,9.4 KB,0.016666666666666666
42,87/ba4ac7,219213.hpcnode0,phipack_s,0.0001,1e-06,100,0.05,1,2019-07-31 13:37:03.047,8s,6.1s,99.1%,2.6 MB,110.7 MB,217.1 KB,16.2 KB,0.016666666666666666
43,0a/c00146,219193.hpcnode0,phipack_s,0.001,1e-07,100,0.05,3,2019-07-31 13:37:01.558,29.5s,24.2s,99.7%,3.4 MB,111.4 MB,217.1 KB,57.3 KB,0.016666666666666666
44,2f/f8377c,219196.hpcnode0,phipack_s,0.0001,1e-07,100,0.05,2,2019-07-31 13:37:01.781,39.3s,7.1s,98.6%,2.6 MB,110.7 MB,217.1 KB,19.9 KB,0.016666666666666666
45,62/aea9be,219197.hpcnode0,3seq_s,0.01,1e-06,100,0.05,2,2019-07-31 13:37:01.849,39.2s,6.4s,89.8%,450.7 MB,563.4 MB,436.5 MB,9.5 KB,0.016666666666666666
46,f5/e8d6a5,219198.hpcnode0,phipack_s,0.0001,1e-06,100,0.05,2,2019-07-31 13:37:01.921,39.2s,4.9s,98.4%,2.5 MB,110.7 MB,217.1 KB,13.7 KB,0.016666666666666666
47,4d/4f5001,219201.hpcnode0,3seq_s,0.01,1e-07,100,0.05,3,2019-07-31 13:37:02.185,38.9s,7.1s,84.1%,450.7 MB,563.4 MB,436.5 MB,9.5 KB,0.016666666666666666
48,1c/69fbad,219205.hpcnode0,3seq_s,0.001,1e-07,100,0.05,2,2019-07-31 13:37:02.494,38.6s,3.7s,73.8%,450.6 MB,563.4 MB,436.4 MB,9.4 KB,0.016666666666666666
49,ae/fcc1fd,219208.hpcnode0,phipack_s,0.001,1e-06,100,0.05,2,2019-07-31 13:37:02.720,38.4s,23s,99.7%,3.4 MB,111.4 MB,217.1 KB,57 KB,0.016666666666666666
50,20/8cf7d2,219209.hpcnode0,3seq_s,0.001,1e-07,100,0.05,3,2019-07-31 13:37:02.782,38.3s,3.7s,84.6%,450.6 MB,563.4 MB,436.4 MB,9.4 KB,0.016666666666666666
51,85/cc27a3,219212.hpcnode0,phipack_s,0.001,1e-06,100,0.05,1,2019-07-31 13:37:02.980,38.2s,22.8s,99.6%,3.4 MB,111.4 MB,217.1 KB,56.2 KB,0.016666666666666666
52,ce/708e1b,219216.hpcnode0,profile_s,0.01,1e-07,100,0.05,2,2019-07-31 13:37:03.231,37.9s,3.6s,98.3%,3.5 MB,111.6 MB,217.1 KB,6 KB,0.016666666666666666
53,ce/22b433,219219.hpcnode0,phipack_s,0.001,1e-07,100,0.05,1,2019-07-31 13:37:03.418,37.7s,27.6s,99.8%,3.5 MB,113.6 MB,219.9 KB,57.2 KB,0.016666666666666666
54,38/92ffa8,219221.hpcnode0,phipack_s,0.0001,1e-07,100,0.05,1,2019-07-31 13:37:03.546,37.6s,8.8s,99.3%,2.7 MB,112.8 MB,219.9 KB,23.1 KB,0.016666666666666666
55,01/d892af,219225.hpcnode0,phipack_s,0.001,1e-06,100,0.05,3,2019-07-31 13:37:03.809,37.3s,25.6s,99.7%,3.3 MB,113.3 MB,219.9 KB,52.9 KB,0.016666666666666666
56,15/e29385,219226.hpcnode0,phipack_s,0.0001,1e-07,100,0.05,3,2019-07-31 13:37:03.870,37.3s,8.7s,99.0%,2.7 MB,112.8 MB,219.9 KB,23.3 KB,0.016666666666666666
57,f9/23915d,219228.hpcnode0,profile_s,0.01,1e-06,100,0.05,3,2019-07-31 13:37:04.001,37.2s,3.1s,98.2%,3.1 MB,113.2 MB,220.1 KB,6 KB,0.016666666666666666
58,41/9b731b,219229.hpcnode0,3seq_s,0.01,1e-07,100,0.05,2,2019-07-31 13:37:04.061,37.1s,8.6s,88.0%,450.6 MB,565.4 MB,436.4 MB,9.5 KB,0.016666666666666666
59,e9/1a83eb,219231.hpcnode0,phipack_s,0.0001,1e-06,100,0.05,3,2019-07-31 13:37:04.219,37s,8.6s,98.8%,2.7 MB,112.8 MB,220.1 KB,21.7 KB,0.016666666666666666
60,e7/ad4726,219233.hpcnode0,profile_s,0.01,1e-06,100,0.05,1,2019-07-31 13:37:04.366,36.8s,3.2s,97.3%,3.1 MB,113.2 MB,220.1 KB,6 KB,0.016666666666666666
61,61/8f8302,219234.hpcnode0,phipack_s,0.001,1e-07,100,0.05,2,2019-07-31 13:37:04.428,36.8s,27s,99.7%,3.5 MB,113.6 MB,220.1 KB,55 KB,0.016666666666666666
62,09/8862b2,219239.hpcnode0,3seq_s,0.001,1e-06,100,0.05,1,2019-07-31 13:37:04.830,36.4s,10.9s,89.4%,450.6 MB,565.4 MB,436.4 MB,9.4 KB,0.016666666666666666
63,74/464b1a,219240.hpcnode0,3seq_s,0.01,1e-07,100,0.05,1,2019-07-31 13:37:04.892,36.3s,14.2s,95.8%,450.6 MB,565.4 MB,436.4 MB,9.5 KB,0.016666666666666666
64,81/2816ae,219241.hpcnode0,3seq_s,0.01,1e-06,100,0.05,3,2019-07-31 13:37:04.957,36.3s,5.2s,98.2%,450.6 MB,563.4 MB,436.4 MB,9.4 KB,0.016666666666666666
65,a3/677f85,219242.hpcnode0,3seq_s,0.001,1e-06,100,0.05,2,2019-07-31 13:37:05.019,36.2s,2.7s,96.6%,450.6 MB,563.4 MB,436.4 MB,9.4 KB,0.016666666666666666
66,2b/9109f9,219194.hpcnode0,phipack_s,0.01,1e-07,100,0.05,3,2019-07-31 13:37:01.645,1m 39s,1m 20s,99.9%,6.8 MB,114.9 MB,217.1 KB,177.5 KB,0.03333333333333333
67,dc/5ea113,219203.hpcnode0,phipack_s,0.01,1e-06,100,0.05,2,2019-07-31 13:37:02.350,1m 44s,1m 8s,100.0%,7.4 MB,115.4 MB,217.1 KB,190.1 KB,0.03333333333333333
68,fb/b51ec1,219218.hpcnode0,phipack_s,0.01,1e-06,100,0.05,1,2019-07-31 13:37:03.356,1m 43s,1m 11s,99.9%,7.3 MB,115.4 MB,217.1 KB,193.1 KB,0.03333333333333333
69,8e/dd9854,219236.hpcnode0,phipack_s,0.01,1e-06,100,0.05,3,2019-07-31 13:37:04.590,1m 42s,1m 23s,100.1%,7.4 MB,117.5 MB,219.9 KB,190.2 KB,0.03333333333333333
70,71/d33a1e,219217.hpcnode0,phipack_s,0.01,1e-07,100,0.05,2,2019-07-31 13:37:03.291,2m 13s,1m 16s,99.9%,8.4 MB,116.5 MB,217.1 KB,215.6 KB,0.03333333333333333
71,bc/3e2433,219243.hpcnode0,phipack_s,0.01,1e-07,100,0.05,1,2019-07-31 13:37:05.103,2m 11s,1m 27s,100.1%,8.1 MB,118.1 MB,219.9 KB,204.4 KB,0.03333333333333333
72,43/61a5cc,220586.hpcnode0,geneconv,0.0001,1e-06,1000,0.05,2,2019-08-13 14:59:17.259,1h 56m 29s,1h 55m 40s,100.1%,466.4 MB,574.5 MB,1.7 MB,358.4 KB,1.9333333333333331
73,f2/b0efb0,220577.hpcnode0,geneconv,0.0001,1e-06,1000,0.05,3,2019-08-13 14:59:16.637,2h 1m 4s,2h 51s,100.2%,462.5 MB,570.6 MB,1.7 MB,6.4 MB,2.0166666666666666
74,01/f43be3,220573.hpcnode0,geneconv,0.0001,1e-07,1000,0.05,1,2019-08-13 14:59:16.350,2h 13m 55s,2h 13m 10s,100.2%,462.7 MB,570.8 MB,1.7 MB,373.6 KB,2.2333333333333334
75,d1/b05901,220576.hpcnode0,geneconv,0.0001,1e-07,1000,0.05,3,2019-08-13 14:59:16.569,2h 19m 5s,2h 18m 19s,100.2%,493.7 MB,601.8 MB,1.7 MB,775 KB,2.3166666666666664
76,97/16a321,220583.hpcnode0,geneconv,0.0001,1e-07,1000,0.05,2,2019-08-13 14:59:17.038,2h 22m 9s,2h 21m 42s,100.2%,490.2 MB,598.3 MB,1.7 MB,406.2 KB,2.3666666666666667
77,e0/b5c8a8,220572.hpcnode0,geneconv,0.0001,1e-06,1000,0.05,1,2019-08-13 14:59:16.257,2h 22m 55s,2h 22m 22s,100.2%,477.8 MB,585.9 MB,1.7 MB,661.9 KB,2.3833333333333333
78,af/5c419f,220569.hpcnode0,geneconv,0.001,1e-07,1000,0.05,3,2019-08-13 14:59:16.036,7h 57m 31s,7h 57m 30s,100.1%,562 MB,670.1 MB,1.7 MB,149.4 KB,7.966666666666667
79,dc/7ed8eb,220584.hpcnode0,geneconv,0.001,1e-06,1000,0.05,3,2019-08-13 14:59:17.104,8h 15m 50s,8h 15m 12s,100.1%,561.6 MB,669.7 MB,1.7 MB,310 KB,8.266666666666667
80,e8/88fdf1,220579.hpcnode0,geneconv,0.001,1e-06,1000,0.05,1,2019-08-13 14:59:16.769,8h 26m 45s,8h 26m 29s,100.2%,561.2 MB,669.3 MB,1.7 MB,178.6 KB,8.450000000000001
81,07/83f6c2,220581.hpcnode0,geneconv,0.001,1e-07,1000,0.05,1,2019-08-13 14:59:16.904,8h 36m 50s,8h 36m 8s,100.2%,561.5 MB,669.6 MB,1.7 MB,306.7 KB,8.616666666666667
82,ef/306de2,220574.hpcnode0,geneconv,0.001,1e-07,1000,0.05,2,2019-08-13 14:59:16.438,8h 37m 46s,8h 36m 47s,100.2%,561.5 MB,669.6 MB,1.7 MB,309.3 KB,8.616666666666667
83,3e/a055d3,220580.hpcnode0,geneconv,0.001,1e-06,1000,0.05,2,2019-08-13 14:59:16.831,8h 37m 50s,8h 37m 6s,100.2%,561.4 MB,669.5 MB,1.7 MB,308.1 KB,8.633333333333335
84,16/dfb21d,220570.hpcnode0,geneconv,0.01,1e-07,1000,0.05,1,2019-08-13 14:59:16.123,10h 16m 31s,10h 16m 28s,100.1%,410 MB,518.1 MB,1.7 MB,124.5 KB,10.283333333333335
85,05/611feb,220582.hpcnode0,geneconv,0.01,1e-07,1000,0.05,3,2019-08-13 14:59:16.969,11h 7m 55s,11h 7m 27s,100.2%,380.4 MB,488.5 MB,1.7 MB,126 KB,11.133333333333335
86,2b/8c8b27,220578.hpcnode0,geneconv,0.01,1e-06,1000,0.05,2,2019-08-13 14:59:16.708,11h 8m 56s,11h 8m 3s,100.2%,395 MB,503.1 MB,1.7 MB,125.7 KB,11.15
87,02/46254f,220585.hpcnode0,geneconv,0.01,1e-06,1000,0.05,3,2019-08-13 14:59:17.169,11h 22m 10s,11h 21m 18s,100.1%,379 MB,487.1 MB,1.7 MB,123.5 KB,11.366666666666667
88,da/8783f8,220575.hpcnode0,geneconv,0.01,1e-06,1000,0.05,1,2019-08-13 14:59:16.502,11h 39m 26s,11h 38m 44s,100.2%,357 MB,465.1 MB,1.7 MB,124.5 KB,11.65
89,31/f6bf53,220571.hpcnode0,geneconv,0.01,1e-07,1000,0.05,2,2019-08-13 14:59:16.189,11h 42m 46s,11h 41m 51s,100.2%,354.2 MB,462.4 MB,1.7 MB,122 KB,11.700000000000001
90,42/28e5fc,219290.hpcnode0,profile_s,0.0001,1e-06,1000,0.05,2,2019-07-31 15:04:58.498,1m 59s,1m 57s,100.0%,6 MB,114.1 MB,1.7 MB,6 KB,0.03333333333333333
91,79/4a689e,219287.hpcnode0,profile_s,0.001,1e-07,1000,0.05,2,2019-07-31 15:04:58.310,2m 10s,2m 8s,100.0%,8 MB,116.1 MB,1.7 MB,6 KB,0.05
92,04/db21d2,219294.hpcnode0,profile_s,0.0001,1e-07,1000,0.05,1,2019-07-31 15:04:58.758,2m 39s,2m 5s,99.9%,6 MB,114.1 MB,1.7 MB,6 KB,0.05
93,dd/442b79,219289.hpcnode0,profile_s,0.01,1e-07,1000,0.05,1,2019-07-31 15:04:58.436,2m 44s,2m 44s,100.0%,11.6 MB,119.7 MB,1.7 MB,6 KB,0.05
94,f9/2aa649,219299.hpcnode0,profile_s,0.001,1e-06,1000,0.05,2,2019-07-31 15:04:59.110,2m 44s,2m 8s,100.0%,8.1 MB,116.2 MB,1.7 MB,6 KB,0.05
95,48/7e2c35,219303.hpcnode0,profile_s,0.0001,1e-07,1000,0.05,3,2019-07-31 15:04:59.405,2m 44s,1m 56s,100.0%,6 MB,114.1 MB,1.7 MB,6 KB,0.03333333333333333
96,b1/9a2de3,219307.hpcnode0,profile_s,0.0001,1e-07,1000,0.05,2,2019-07-31 15:04:59.795,2m 43s,1m 57s,100.0%,6 MB,114.1 MB,1.7 MB,6 KB,0.03333333333333333
97,a4/fa7511,219310.hpcnode0,profile_s,0.0001,1e-06,1000,0.05,3,2019-07-31 15:05:00.065,2m 43s,1m 57s,100.0%,6 MB,114.1 MB,1.7 MB,6 KB,0.03333333333333333
98,e3/3acd60,219314.hpcnode0,profile_s,0.0001,1e-06,1000,0.05,1,2019-07-31 15:05:00.399,2m 43s,1m 58s,100.0%,6 MB,114.1 MB,1.7 MB,6 KB,0.03333333333333333
99,2e/a312ff,219318.hpcnode0,3seq_s,0.0001,1e-06,1000,0.05,3,2019-07-31 15:05:00.752,2m 42s,2m 24s,100.1%,520.1 MB,634.8 MB,437.8 MB,13.7 KB,0.05
100,4e/73ba71,219322.hpcnode0,profile_s,0.001,1e-06,1000,0.05,3,2019-07-31 15:05:01.067,2m 42s,2m 30s,100.1%,8.1 MB,118.2 MB,1.7 MB,6 KB,0.05
101,20/5e1d5d,219286.hpcnode0,profile_s,0.01,1e-07,1000,0.05,3,2019-07-31 15:04:58.245,2m 50s,2m 47s,100.0%,11.6 MB,119.7 MB,1.7 MB,6 KB,0.05
102,09/d3125e,219300.hpcnode0,profile_s,0.01,1e-07,1000,0.05,2,2019-07-31 15:04:59.180,3m 49s,2m 52s,100.0%,11.6 MB,119.7 MB,1.7 MB,6 KB,0.05
103,ab/ececd9,219315.hpcnode0,profile_s,0.01,1e-06,1000,0.05,2,2019-07-31 15:05:00.473,3m 47s,3m 13s,100.1%,11.7 MB,121.7 MB,1.7 MB,6 KB,0.06666666666666667
104,73/50d7ea,219324.hpcnode0,profile_s,0.01,1e-06,1000,0.05,1,2019-07-31 15:05:01.239,3m 47s,3m 22s,100.1%,11.6 MB,121.7 MB,1.7 MB,6 KB,0.06666666666666667
105,eb/6c7e6b,219325.hpcnode0,profile_s,0.01,1e-06,1000,0.05,3,2019-07-31 15:05:01.325,3m 47s,3m 14s,100.1%,11.6 MB,121.7 MB,1.7 MB,6 KB,0.06666666666666667
106,bd/526892,219335.hpcnode0,profile_s,0.001,1e-06,1000,0.05,1,2019-07-31 15:05:02.136,4m 6s,2m 6s,100.0%,8 MB,116.1 MB,1.7 MB,6 KB,0.05
107,37/a6c3a1,219337.hpcnode0,profile_s,0.001,1e-07,1000,0.05,3,2019-07-31 15:05:02.303,4m 6s,2m 7s,100.0%,8.3 MB,116.3 MB,1.7 MB,6 KB,0.05
108,7d/d6e0fd,219338.hpcnode0,profile_s,0.001,1e-07,1000,0.05,1,2019-07-31 15:05:02.365,4m 6s,2m 7s,100.0%,7.9 MB,116.1 MB,1.7 MB,6 KB,0.05
109,11/d9a30a,219320.hpcnode0,3seq_s,0.0001,1e-06,1000,0.05,2,2019-07-31 15:05:00.908,6m 52s,6m 33s,100.1%,520.1 MB,634.8 MB,437.8 MB,21.2 KB,0.11666666666666667
110,7c/5f1fec,219288.hpcnode0,3seq_s,0.0001,1e-07,1000,0.05,3,2019-07-31 15:04:58.373,7m 50s,7m 45s,99.9%,520 MB,632.8 MB,437.8 MB,23.3 KB,0.13333333333333333
111,fc/f3dd6f,219317.hpcnode0,3seq_s,0.0001,1e-07,1000,0.05,2,2019-07-31 15:05:00.659,8m 52s,8m 25s,100.1%,520.1 MB,634.8 MB,437.8 MB,24.6 KB,0.15
112,54/48b97c,219301.hpcnode0,3seq_s,0.0001,1e-07,1000,0.05,1,2019-07-31 15:04:59.271,9m 54s,9m 47s,100.1%,520 MB,632.8 MB,437.8 MB,27.1 KB,0.16666666666666666
113,20/22953e,219293.hpcnode0,3seq_s,0.0001,1e-06,1000,0.05,1,2019-07-31 15:04:58.695,13m 44s,13m 1s,100.0%,520 MB,632.8 MB,437.8 MB,33 KB,0.23333333333333334
114,e9/092283,219297.hpcnode0,phipack_s,0.0001,1e-07,1000,0.05,3,2019-07-31 15:04:58.943,41m 24s,40m 31s,100.1%,6.8 MB,114.9 MB,1.7 MB,533.5 KB,0.6833333333333333
115,98/5ee83e,219331.hpcnode0,phipack_s,0.0001,1e-06,1000,0.05,2,2019-07-31 15:05:01.837,41m 21s,40m 26s,100.1%,6.8 MB,116.9 MB,1.7 MB,527.7 KB,0.6833333333333333
116,70/dd9ee5,219332.hpcnode0,phipack_s,0.0001,1e-06,1000,0.05,1,2019-07-31 15:05:01.926,42m 26s,41m 40s,100.1%,6.8 MB,116.9 MB,1.7 MB,530.6 KB,0.7000000000000001
117,69/5000cc,219292.hpcnode0,phipack_s,0.0001,1e-07,1000,0.05,2,2019-07-31 15:04:58.621,44m 24s,44m 3s,100.0%,7 MB,115 MB,1.7 MB,565.8 KB,0.75
118,e1/a6ce45,219316.hpcnode0,phipack_s,0.0001,1e-07,1000,0.05,1,2019-07-31 15:05:00.570,44m 27s,43m 44s,100.1%,6.9 MB,116.9 MB,1.7 MB,533.6 KB,0.7333333333333334
119,81/cb1a37,219319.hpcnode0,phipack_s,0.0001,1e-06,1000,0.05,3,2019-07-31 15:05:00.841,44m 27s,44m 19s,100.1%,6.8 MB,116.9 MB,1.7 MB,518.7 KB,0.75
120,2e/1e38dd,219326.hpcnode0,3seq_s,0.001,1e-07,1000,0.05,1,2019-07-31 15:05:01.410,2h 17m 22s,2h 17m 9s,100.1%,520.1 MB,634.8 MB,437.8 MB,258.4 KB,2.3
121,61/a4c221,219313.hpcnode0,phipack_s,0.001,1e-07,1000,0.05,2,2019-07-31 15:05:00.318,2h 29m 59s,2h 28m 59s,100.1%,15.9 MB,123.9 MB,1.7 MB,2.2 MB,2.4833333333333334
122,ff/ccb371,219334.hpcnode0,3seq_s,0.01,1e-06,1000,0.05,1,2019-07-31 15:05:02.051,2h 30m 17s,2h 28m 18s,100.0%,520.1 MB,632.8 MB,437.8 MB,278.6 KB,2.4833333333333334
123,e7/6ace8f,219298.hpcnode0,phipack_s,0.001,1e-06,1000,0.05,3,2019-07-31 15:04:59.024,2h 30m 50s,2h 29m 50s,100.1%,16.3 MB,124.4 MB,1.7 MB,2.2 MB,2.5
124,33/5f3d0c,219295.hpcnode0,phipack_s,0.001,1e-06,1000,0.05,2,2019-07-31 15:04:58.821,2h 31m 5s,2h 30m 46s,100.1%,15.9 MB,123.9 MB,1.7 MB,2.2 MB,2.5166666666666666
125,e3/1e31c7,219327.hpcnode0,3seq_s,0.001,1e-06,1000,0.05,3,2019-07-31 15:05:01.494,2h 32m 7s,2h 31m 3s,100.1%,520.1 MB,634.8 MB,437.8 MB,283.7 KB,2.533333333333333
126,8b/4d1bef,219285.hpcnode0,3seq_s,0.01,1e-07,1000,0.05,3,2019-07-31 15:04:58.162,2h 32m 35s,2h 32m 31s,100.0%,520.1 MB,632.8 MB,437.8 MB,286.3 KB,2.55
127,8f/ffe904,219333.hpcnode0,phipack_s,0.001,1e-07,1000,0.05,3,2019-07-31 15:05:01.989,2h 39m 17s,2h 38m 31s,100.1%,16.5 MB,126.5 MB,1.7 MB,2.3 MB,2.65
128,ab/90dcfe,219323.hpcnode0,phipack_s,0.001,1e-07,1000,0.05,1,2019-07-31 15:05:01.149,2h 42m 23s,2h 42m 17s,100.1%,15.8 MB,125.8 MB,1.7 MB,2.2 MB,2.716666666666667
129,80/ec01c1,219329.hpcnode0,phipack_s,0.001,1e-06,1000,0.05,1,2019-07-31 15:05:01.675,2h 44m 32s,2h 44m 28s,100.1%,15.8 MB,125.8 MB,1.7 MB,2.2 MB,2.75
130,80/703960,219328.hpcnode0,3seq_s,0.01,1e-06,1000,0.05,2,2019-07-31 15:05:01.579,2h 51m 43s,2h 50m 55s,100.1%,520.1 MB,634.8 MB,437.8 MB,319.8 KB,2.85
131,9a/d9f644,219311.hpcnode0,phipack_s,0.01,1e-07,1000,0.05,2,2019-07-31 15:05:00.138,2h 59m 59s,2h 59m 38s,100.1%,26.6 MB,134.8 MB,1.7 MB,3.2 MB,3.0
132,2b/462f94,219304.hpcnode0,phipack_s,0.01,1e-06,1000,0.05,1,2019-07-31 15:04:59.551,3h 44s,3h 7s,100.1%,26.6 MB,134.6 MB,1.7 MB,3.2 MB,3.0166666666666666
133,ea/932016,219305.hpcnode0,phipack_s,0.01,1e-07,1000,0.05,1,2019-07-31 15:04:59.638,3h 44s,2h 59m 55s,100.1%,26.6 MB,134.8 MB,1.7 MB,3.2 MB,3.0
134,9f/de8801,219291.hpcnode0,phipack_s,0.01,1e-06,1000,0.05,3,2019-07-31 15:04:58.559,3h 6m 50s,3h 6m 30s,100.0%,26.6 MB,134.8 MB,1.7 MB,3.2 MB,3.1166666666666667
135,87/b0dcf4,219309.hpcnode0,3seq_s,0.001,1e-06,1000,0.05,2,2019-07-31 15:04:59.972,3h 13m 59s,3h 13m 18s,100.1%,520.1 MB,632.8 MB,437.8 MB,360.4 KB,3.2333333333333334
136,e2/835acc,219336.hpcnode0,3seq_s,0.01,1e-06,1000,0.05,3,2019-07-31 15:05:02.220,3h 16m 7s,3h 14m 9s,100.1%,520.1 MB,632.8 MB,437.8 MB,362 KB,3.25
137,eb/33fcdc,219321.hpcnode0,phipack_s,0.01,1e-06,1000,0.05,2,2019-07-31 15:05:01.006,3h 17m 8s,3h 16m 17s,100.1%,26.6 MB,136.6 MB,1.7 MB,3.2 MB,3.283333333333333
138,76/6ace27,219330.hpcnode0,phipack_s,0.01,1e-07,1000,0.05,3,2019-07-31 15:05:01.736,3h 17m 7s,3h 16m 29s,100.1%,26.6 MB,136.8 MB,1.7 MB,3.2 MB,3.283333333333333
139,a7/24752b,219312.hpcnode0,3seq_s,0.01,1e-07,1000,0.05,2,2019-07-31 15:05:00.227,3h 25m 9s,3h 25m,100.1%,520.1 MB,632.8 MB,437.8 MB,381.6 KB,3.4166666666666665
140,4c/6d7e38,219302.hpcnode0,3seq_s,0.001,1e-07,1000,0.05,2,2019-07-31 15:04:59.337,3h 25m 15s,3h 24m 31s,100.1%,520.2 MB,632.9 MB,437.9 MB,380.8 KB,3.4166666666666665
141,8a/c86e1e,219296.hpcnode0,3seq_s,0.01,1e-07,1000,0.05,1,2019-07-31 15:04:58.882,3h 45m 40s,3h 44m 46s,100.1%,520.1 MB,632.8 MB,437.8 MB,417.5 KB,3.75
142,b1/5ac12a,219308.hpcnode0,3seq_s,0.001,1e-07,1000,0.05,3,2019-07-31 15:04:59.883,3h 49m 59s,3h 49m 59s,100.1%,520.1 MB,632.8 MB,437.8 MB,427 KB,3.833333333333333
143,d9/626184,219306.hpcnode0,3seq_s,0.001,1e-06,1000,0.05,1,2019-07-31 15:04:59.707,3h 55m 59s,3h 55m 36s,100.1%,520.1 MB,632.8 MB,437.8 MB,437.3 KB,3.933333333333333
144,aa/3bf78b,220028.hpcnode0,3seq_s,0.0001,1e-07,10000,0.05,1,2019-08-04 11:19:55.339,1d 13h 24m 49s,1d 13h 24m 1s,100.1%,1.2 GB,1.3 GB,452.3 MB,4 MB,37.416666666666664
145,ce/25623c,220029.hpcnode0,3seq_s,0.0001,1e-07,10000,0.05,3,2019-08-04 11:19:55.430,2d 4h 2s,2d 3h 59m 20s,100.1%,1.2 GB,1.3 GB,452.3 MB,5.5 MB,52.0
146,95/54fbac,220038.hpcnode0,3seq_s,0.0001,1e-06,10000,0.05,3,2019-08-04 11:19:56.219,2d 7h 44m 16s,2d 7h 43m 40s,100.1%,1.2 GB,1.3 GB,452.3 MB,5.9 MB,55.733333333333334
147,0d/e2360b,220035.hpcnode0,3seq_s,0.0001,1e-06,10000,0.05,1,2019-08-04 11:19:55.959,2d 12h 1m 22s,2d 12h 27s,100.1%,1.2 GB,1.3 GB,452.3 MB,6.4 MB,60.016666666666666
148,b0/8f3304,220031.hpcnode0,3seq_s,0.0001,1e-07,10000,0.05,2,2019-08-04 11:19:55.625,2d 13h 1m 33s,2d 13h 45s,100.1%,1.2 GB,1.3 GB,452.3 MB,6.5 MB,61.016666666666666
149,ba/85d2a0,220039.hpcnode0,3seq_s,0.0001,1e-06,10000,0.05,2,2019-08-04 11:19:56.290,2d 15h 25m 27s,2d 15h 25m 11s,100.1%,1.2 GB,1.3 GB,452.3 MB,6.8 MB,63.43333333333333
150,91/0f92eb,220270.hpcnode0,profile_s,0.0001,1e-06,10000,0.05,2,04:58.6,3h 15s,3h 10s,100.10%,49.2 MB,157.3 MB,16.2 MB,6 KB,3.0166666666666666
151,a8/02d236,220271.hpcnode0,profile_s,0.0001,1e-06,10000,0.05,1,04:58.7,3h 1m,3h 56s,100.10%,49.9 MB,158 MB,16.2 MB,6 KB,3.0166666666666666
152,60/7c0147,220280.hpcnode0,profile_s,0.0001,1e-07,10000,0.05,2,04:59.3,3h 2m 44s,3h 2m 3s,100.10%,49.2 MB,157.4 MB,16.2 MB,6 KB,3.05
153,ee/c3a9f3,220273.hpcnode0,profile_s,0.0001,1e-07,10000,0.05,1,04:58.8,3h 3m 5s,3h 2m 41s,100.10%,50 MB,158 MB,16.2 MB,6 KB,3.05
154,30/c66169,220281.hpcnode0,profile_s,0.001,1e-06,10000,0.05,3,04:59.4,3h 4m 49s,3h 4m 4s,100.10%,61.6 MB,169.7 MB,16.2 MB,6 KB,3.0833333333333335
155,df/3e81a7,220282.hpcnode0,profile_s,0.001,1e-06,10000,0.05,2,04:59.5,3h 8m 59s,3h 8m 34s,100.10%,61.6 MB,169.7 MB,16.2 MB,6 KB,3.15
156,9f/ad2004,220284.hpcnode0,profile_s,0.001,1e-07,10000,0.05,3,04:59.6,3h 8m 59s,3h 8m 46s,100.10%,61.6 MB,169.7 MB,16.2 MB,6 KB,3.15
157,50/8d2ddf,220279.hpcnode0,profile_s,0.0001,1e-07,10000,0.05,3,04:59.3,3h 14m 50s,3h 14m 34s,100.10%,49.3 MB,157.4 MB,16.2 MB,6 KB,3.25
158,a9/5e974a,220276.hpcnode0,profile_s,0.0001,1e-06,10000,0.05,3,04:59.0,3h 16m 50s,3h 16m 39s,100.10%,49.9 MB,157.9 MB,16.2 MB,6 KB,3.283333333333333
159,fb/e809f3,220287.hpcnode0,profile_s,0.01,1e-06,10000,0.05,1,04:59.9,3h 20m 9s,3h 19m 33s,100.10%,61.6 MB,169.7 MB,16.2 MB,6 KB,3.333333333333333
160,f6/e182ab,220277.hpcnode0,profile_s,0.001,1e-06,10000,0.05,1,04:59.1,3h 21m,3h 20m 31s,100.10%,61.6 MB,169.7 MB,16.2 MB,6 KB,3.35
161,e7/fdacb9,220275.hpcnode0,profile_s,0.001,1e-07,10000,0.05,1,04:59.0,3h 21m 50s,3h 21m 29s,100.10%,61.6 MB,169.7 MB,16.2 MB,6 KB,3.3666666666666667
162,89/668698,220278.hpcnode0,profile_s,0.001,1e-07,10000,0.05,2,04:59.2,3h 23m 5s,3h 22m 18s,100.10%,61.6 MB,169.7 MB,16.2 MB,6 KB,3.3833333333333333
163,18/e2bfde,220274.hpcnode0,profile_s,0.01,1e-07,10000,0.05,2,04:58.9,3h 27m 15s,3h 26m 49s,100.10%,61.6 MB,169.7 MB,16.2 MB,6 KB,3.45
164,1c/61522d,220272.hpcnode0,profile_s,0.01,1e-06,10000,0.05,2,04:58.7,3h 30m 20s,3h 30m 17s,100.10%,61.6 MB,169.7 MB,16.2 MB,6 KB,3.5166666666666666
165,bf/d0f9d3,220286.hpcnode0,profile_s,0.01,1e-06,10000,0.05,3,04:59.8,3h 30m 19s,3h 30m 16s,100.10%,61.6 MB,169.7 MB,16.2 MB,6 KB,3.5166666666666666
166,f0/7941c3,220283.hpcnode0,profile_s,0.01,1e-07,10000,0.05,1,04:59.6,3h 32m 9s,3h 31m 42s,100.10%,61.6 MB,169.7 MB,16.2 MB,6 KB,3.533333333333333
167,6d/b2043e,220285.hpcnode0,profile_s,0.01,1e-07,10000,0.05,3,04:59.7,3h 41m 24s,3h 41m 3s,100.10%,61.6 MB,169.7 MB,16.2 MB,6 KB,3.7
168,fb/44e5c7,220004.hpcnode0,3seq_s,0.0001,1e-07,2500,0.05,3,2019-08-03 07:46:59.403,54m 49s,54m,100.1%,635.8 MB,748.6 MB,440.2 MB,107.3 KB,0.9
169,ab/188669,220006.hpcnode0,3seq_s,0.0001,1e-06,2500,0.05,2,2019-08-03 07:46:59.549,1h 6m 54s,1h 6m 21s,100.1%,635.8 MB,750.6 MB,440.2 MB,129.8 KB,1.1166666666666667
170,56/b1a926,219997.hpcnode0,3seq_s,0.0001,1e-07,2500,0.05,2,2019-08-03 07:46:58.914,2h 25m 45s,2h 25m 42s,100.1%,635.8 MB,748.6 MB,440.2 MB,273.9 KB,2.433333333333333
171,c6/f40c8c,220000.hpcnode0,3seq_s,0.0001,1e-06,2500,0.05,1,2019-08-03 07:46:59.123,2h 30m 5s,2h 29m 6s,100.1%,635.8 MB,748.6 MB,440.2 MB,280.1 KB,2.5
172,e8/8d13d1,219998.hpcnode0,3seq_s,0.0001,1e-06,2500,0.05,3,2019-08-03 07:46:58.989,2h 50m,2h 49m 58s,100.1%,635.8 MB,748.6 MB,440.2 MB,318 KB,2.833333333333333
173,6b/858e09,219995.hpcnode0,3seq_s,0.0001,1e-07,2500,0.05,1,2019-08-03 07:46:58.786,3h 1m,3h 57s,100.1%,635.8 MB,748.6 MB,440.2 MB,338 KB,3.0166666666666666
174,bb/55ae1c,219993.hpcnode0,3seq_s,0.001,1e-07,2500,0.05,2,2019-08-03 07:46:58.626,1d 8h 30m,1d 8h 29m 55s,100.1%,635.8 MB,748.6 MB,440.2 MB,3.5 MB,32.5
175,d2/618fbc,219994.hpcnode0,3seq_s,0.01,1e-07,2500,0.05,3,2019-08-03 07:46:58.717,1d 9h 44m 50s,1d 9h 44m 46s,100.1%,635.8 MB,748.6 MB,440.2 MB,3.6 MB,33.75
176,fa/abbc7b,219999.hpcnode0,3seq_s,0.001,1e-06,2500,0.05,2,2019-08-03 07:46:59.061,1d 10h 9m 19s,1d 10h 8m 34s,100.1%,635.8 MB,748.6 MB,440.2 MB,3.6 MB,34.15
177,f8/03228b,220002.hpcnode0,3seq_s,0.001,1e-07,2500,0.05,3,2019-08-03 07:46:59.258,1d 10h 57m 39s,1d 10h 56m 49s,100.1%,635.8 MB,748.6 MB,440.2 MB,3.7 MB,34.949999999999996
178,33/e4ce28,220003.hpcnode0,3seq_s,0.01,1e-06,2500,0.05,1,2019-08-03 07:46:59.339,1d 12h 46m 14s,1d 12h 45m 46s,100.1%,635.8 MB,748.6 MB,440.2 MB,3.9 MB,36.766666666666666
179,a3/30f78d,220010.hpcnode0,3seq_s,0.001,1e-06,2500,0.05,1,2019-08-03 07:46:59.841,1d 13h 9m 49s,1d 13h 9m 35s,100.1%,635.8 MB,748.6 MB,440.2 MB,4 MB,37.166666666666664
180,33/fc98a6,219996.hpcnode0,3seq_s,0.001,1e-06,2500,0.05,3,2019-08-03 07:46:58.850,1d 14h 32m 15s,1d 14h 32m 12s,100.1%,635.8 MB,748.6 MB,440.2 MB,4.1 MB,38.55
181,c8/fa449b,220001.hpcnode0,3seq_s,0.01,1e-07,2500,0.05,2,2019-08-03 07:46:59.184,1d 14h 50m 10s,1d 14h 49m 25s,100.1%,635.8 MB,748.6 MB,440.2 MB,4.1 MB,38.833333333333336
182,53/fa4df9,220009.hpcnode0,3seq_s,0.01,1e-06,2500,0.05,3,2019-08-03 07:46:59.762,1d 16h 7m 59s,1d 16h 7m 16s,100.1%,635.8 MB,748.6 MB,440.2 MB,4.3 MB,40.13333333333333
183,23/ceda13,220005.hpcnode0,3seq_s,0.001,1e-07,2500,0.05,1,2019-08-03 07:46:59.466,1d 17h 58m 35s,1d 17h 58m 7s,100.0%,636 MB,750.6 MB,440.3 MB,4.5 MB,41.983333333333334
184,50/c0f5f9,220008.hpcnode0,3seq_s,0.01,1e-06,2500,0.05,2,2019-08-03 07:46:59.683,1d 19h 7m 50s,1d 19h 6m 53s,100.0%,635.8 MB,750.6 MB,440.2 MB,4.6 MB,43.11666666666667
185,9e/875e47,220007.hpcnode0,3seq_s,0.01,1e-07,2500,0.05,1,2019-08-03 07:46:59.621,1d 23h 12m 25s,1d 23h 11m 30s,100.0%,635.8 MB,750.6 MB,440.2 MB,5 MB,47.199999999999996
186,f2/7102cb,222656.hpcnode0,geneconv,0.0001,1e-07,2500,0.05,3,2019-08-14 17:13:11.414,9h 59m 35s,9h 58m 54s,100.1%,2.6 GB,2.7 GB,4.1 MB,94.4 MB,9.983333333333334
187,b7/f8b69d,222641.hpcnode0,geneconv,0.0001,1e-06,2500,0.05,2,2019-08-14 17:13:10.439,12h 20m 31s,12h 20m 29s,100.0%,3.2 GB,3.3 GB,4.1 MB,17.9 MB,12.350000000000001
188,8e/b7bdfe,222642.hpcnode0,geneconv,0.0001,1e-07,2500,0.05,1,2019-08-14 17:13:10.503,13h 20m 21s,13h 20m 19s,100.1%,3.3 GB,3.4 GB,4.1 MB,5.4 MB,13.350000000000001
189,14/0c196f,222649.hpcnode0,geneconv,0.0001,1e-07,2500,0.05,2,2019-08-14 17:13:10.968,14h 12m 56s,14h 12m 26s,100.1%,3.4 GB,3.5 GB,4.1 MB,2.4 MB,14.216666666666667
190,7f/f95cb1,222648.hpcnode0,geneconv,0.0001,1e-06,2500,0.05,3,2019-08-14 17:13:10.903,14h 31m 1s,14h 30m 38s,100.1%,3.4 GB,3.5 GB,4.1 MB,2 MB,14.516666666666667
191,96/0f1b98,222646.hpcnode0,geneconv,0.0001,1e-06,2500,0.05,1,2019-08-14 17:13:10.768,16h 7m 26s,16h 7m 24s,100.2%,3.3 GB,3.4 GB,4.1 MB,4.8 MB,16.133333333333333
192,e8/300c39,222643.hpcnode0,geneconv,0.001,1e-07,2500,0.05,3,2019-08-14 17:13:10.569,1d 15h 15m 30s,1d 15h 15m 25s,100.1%,3.4 GB,3.5 GB,4.1 MB,1.2 MB,39.266666666666666
193,64/3edc59,222644.hpcnode0,geneconv,0.001,1e-06,2500,0.05,2,2019-08-14 17:13:10.633,1d 15h 57m 35s,1d 15h 57m 32s,100.1%,3.4 GB,3.5 GB,4.1 MB,1 MB,39.96666666666667
194,d3/7cdcb9,222640.hpcnode0,geneconv,0.001,1e-06,2500,0.05,3,2019-08-14 17:13:10.354,1d 16h 44m 30s,1d 16h 44m 25s,100.1%,3.4 GB,3.5 GB,4.1 MB,1 MB,40.75
195,b7/183b54,222651.hpcnode0,geneconv,0.001,1e-07,2500,0.05,2,2019-08-14 17:13:11.098,1d 18h 28m 29s,1d 18h 28m 26s,100.1%,3.4 GB,3.5 GB,4.1 MB,958.9 KB,42.483333333333334
196,54/7bd0c0,222652.hpcnode0,geneconv,0.001,1e-07,2500,0.05,1,2019-08-14 17:13:11.163,1d 19h 59m 10s,1d 19h 58m 36s,100.1%,3.4 GB,3.5 GB,4.1 MB,1 MB,43.983333333333334
197,5b/9d15bb,222647.hpcnode0,geneconv,0.001,1e-06,2500,0.05,1,2019-08-14 17:13:10.833,1d 20h 20m 15s,1d 20h 19m 18s,100.2%,3.4 GB,3.5 GB,4.1 MB,1.1 MB,44.333333333333336
198,4e/047b04,222645.hpcnode0,geneconv,0.01,1e-07,2500,0.05,3,2019-08-14 17:13:10.704,1d 22h 48m 40s,1d 22h 48m 38s,100.2%,2.7 GB,2.8 GB,4.1 MB,323.7 KB,46.81666666666666
199,c0/c5dbfa,222650.hpcnode0,geneconv,0.01,1e-06,2500,0.05,2,2019-08-14 17:13:11.034,1d 23h 34m 30s,1d 23h 33m 42s,100.1%,2.6 GB,2.7 GB,4.1 MB,326.9 KB,47.56666666666666
200,d0/9facc0,222654.hpcnode0,geneconv,0.01,1e-06,2500,0.05,1,2019-08-14 17:13:11.290,2d 44m 10s,2d 43m 53s,100.0%,2.6 GB,2.7 GB,4.1 MB,326.6 KB,48.733333333333334
201,cf/3d399c,222653.hpcnode0,geneconv,0.01,1e-06,2500,0.05,3,2019-08-14 17:13:11.226,2d 2h 29m 25s,2d 2h 29m 24s,100.1%,2.3 GB,2.4 GB,4.1 MB,327.5 KB,50.5
202,d4/a24304,222657.hpcnode0,geneconv,0.01,1e-07,2500,0.05,2,2019-08-14 17:13:11.492,2d 7h 2m 35s,2d 7h 2m 12s,100.1%,2.4 GB,2.5 GB,4.1 MB,327.2 KB,55.05
203,74/a3e5cb,222655.hpcnode0,geneconv,0.01,1e-07,2500,0.05,1,2019-08-14 17:13:11.352,2d 9h 36m 56s,2d 9h 36m 33s,100.1%,2.1 GB,2.2 GB,4.1 MB,328.2 KB,57.61666666666667
204,eb/e6bacd,220186.hpcnode0,profile_s,0.0001,1e-07,2500,0.05,3,2019-08-06 16:36:04.414,11m 44s,11m 22s,100.0%,12.1 MB,120.1 MB,4.1 MB,6 KB,0.19999999999999998
205,77/9fe364,220191.hpcnode0,profile_s,0.0001,1e-07,2500,0.05,1,2019-08-06 16:36:04.833,11m 44s,11m 25s,100.1%,12.3 MB,120.4 MB,4.1 MB,6 KB,0.19999999999999998
206,a8/155226,220175.hpcnode0,profile_s,0.001,1e-07,2500,0.05,3,2019-08-06 16:36:03.545,12m 40s,12m 9s,100.0%,18.8 MB,126.9 MB,4.1 MB,6 KB,0.21666666666666667
207,3c/ad93b5,220179.hpcnode0,profile_s,0.0001,1e-07,2500,0.05,2,2019-08-06 16:36:03.875,12m 39s,12m 28s,100.1%,12.2 MB,120.2 MB,4.1 MB,6 KB,0.21666666666666667
208,04/ee3251,220181.hpcnode0,profile_s,0.0001,1e-06,2500,0.05,1,2019-08-06 16:36:04.004,12m 39s,12m 34s,100.1%,12.2 MB,122.2 MB,4.1 MB,6 KB,0.21666666666666667
209,4f/954ab2,220185.hpcnode0,profile_s,0.0001,1e-06,2500,0.05,3,2019-08-06 16:36:04.335,12m 49s,12m 44s,100.1%,12.2 MB,122.2 MB,4.1 MB,6 KB,0.21666666666666667
210,df/24e589,220188.hpcnode0,profile_s,0.001,1e-06,2500,0.05,2,2019-08-06 16:36:04.615,12m 49s,12m 5s,100.1%,18.7 MB,126.8 MB,4.1 MB,6 KB,0.21666666666666667
211,f3/dbea0a,220189.hpcnode0,profile_s,0.001,1e-07,2500,0.05,1,2019-08-06 16:36:04.690,12m 49s,12m 10s,100.0%,18.7 MB,126.8 MB,4.1 MB,6 KB,0.21666666666666667
212,e9/78c91c,220190.hpcnode0,profile_s,0.001,1e-06,2500,0.05,1,2019-08-06 16:36:04.764,12m 49s,12m 27s,100.1%,18.8 MB,126.9 MB,4.1 MB,6 KB,0.21666666666666667
213,ea/775697,220176.hpcnode0,profile_s,0.01,1e-06,2500,0.05,1,2019-08-06 16:36:03.634,13m 45s,13m 9s,100.0%,20.1 MB,128.1 MB,4.1 MB,6 KB,0.23333333333333334
214,11/a3d4c2,220177.hpcnode0,profile_s,0.001,1e-07,2500,0.05,2,2019-08-06 16:36:03.735,13m 45s,13m,100.1%,18.8 MB,126.9 MB,4.1 MB,6 KB,0.21666666666666667
215,26/cc5a1c,220182.hpcnode0,profile_s,0.001,1e-06,2500,0.05,3,2019-08-06 16:36:04.103,13m 44s,13m 43s,100.1%,18.9 MB,128.9 MB,4.1 MB,6 KB,0.23333333333333334
216,a6/cd2694,220187.hpcnode0,profile_s,0.01,1e-06,2500,0.05,3,2019-08-06 16:36:04.486,14m 54s,14m 48s,100.0%,20.1 MB,128.1 MB,4.1 MB,6 KB,0.25
217,8f/bfdb37,220192.hpcnode0,profile_s,0.0001,1e-06,2500,0.05,2,2019-08-06 16:36:04.901,14m 53s,14m 9s,100.1%,12.1 MB,122.1 MB,4.1 MB,6 KB,0.25
218,c5/47d4f2,220178.hpcnode0,profile_s,0.01,1e-06,2500,0.05,2,2019-08-06 16:36:03.806,15m 50s,15m,100.1%,20.1 MB,128.1 MB,4.1 MB,6 KB,0.25
219,23/6bc5a7,220180.hpcnode0,profile_s,0.01,1e-07,2500,0.05,2,2019-08-06 16:36:03.941,15m 49s,15m 19s,100.1%,20.1 MB,128.1 MB,4.1 MB,6 KB,0.26666666666666666
220,22/852221,220184.hpcnode0,profile_s,0.01,1e-07,2500,0.05,3,2019-08-06 16:36:04.263,15m 49s,15m 22s,100.1%,20.1 MB,130.1 MB,4.1 MB,6 KB,0.26666666666666666
221,dd/e12740,220183.hpcnode0,profile_s,0.01,1e-07,2500,0.05,1,2019-08-06 16:36:04.195,16m 54s,16m 30s,100.1%,20.1 MB,130.1 MB,4.1 MB,6 KB,0.2833333333333333
222,d6/c41729,219932.hpcnode0,3seq_s,0.0001,1e-07,5000,0.05,2,2019-08-02 20:25:14.690,6h 21m 20s,6h 20m 19s,100.1%,828.7 MB,941.4 MB,444.3 MB,699.8 KB,6.35
223,f8/3294de,219933.hpcnode0,3seq_s,0.0001,1e-06,5000,0.05,1,2019-08-02 20:25:14.754,8h 16m 35s,8h 15m 50s,100.1%,828.7 MB,941.4 MB,444.3 MB,909.5 KB,8.266666666666667
224,78/bf02fd,219923.hpcnode0,3seq_s,0.0001,1e-07,5000,0.05,1,2019-08-02 20:25:14.059,11h 42m 11s,11h 41m 23s,100.1%,828.7 MB,941.4 MB,444.3 MB,1.3 MB,11.700000000000001
225,10/384a91,219936.hpcnode0,3seq_s,0.0001,1e-07,5000,0.05,3,2019-08-02 20:25:14.955,11h 51m 20s,11h 50m 32s,100.1%,828.7 MB,941.4 MB,444.3 MB,1.3 MB,11.850000000000001
226,27/6eec69,219926.hpcnode0,3seq_s,0.0001,1e-06,5000,0.05,3,2019-08-02 20:25:14.271,12h 38m 31s,12h 38m 4s,100.1%,828.7 MB,941.4 MB,444.3 MB,1.4 MB,12.65
227,39/4b52d5,219924.hpcnode0,3seq_s,0.0001,1e-06,5000,0.05,2,2019-08-02 20:25:14.126,13h 16s,12h 59m 30s,100.1%,828.7 MB,941.4 MB,444.3 MB,1.4 MB,13.0
240,ce/094a4a,220207.hpcnode0,profile_s,0.001,1e-06,5000,0.05,3,2019-08-07 07:05:45.199,45m 50s,45m 45s,100.0%,33.9 MB,142 MB,8.1 MB,6 KB,0.7666666666666667
241,d5/bf0e68,220208.hpcnode0,profile_s,0.001,1e-06,5000,0.05,2,2019-08-07 07:05:45.294,46m 30s,46m 26s,100.0%,33.8 MB,141.9 MB,8.1 MB,6 KB,0.7833333333333334
242,32/99ed6a,220215.hpcnode0,profile_s,0.0001,1e-07,5000,0.05,1,2019-08-07 07:05:45.834,48m 44s,48m 22s,100.1%,23.6 MB,131.8 MB,8.1 MB,6 KB,0.8166666666666668
243,e9/a047a9,220214.hpcnode0,profile_s,0.0001,1e-07,5000,0.05,3,2019-08-07 07:05:45.766,49m 44s,49m 14s,100.1%,23.5 MB,131.6 MB,8.1 MB,6 KB,0.8333333333333334
244,81/9d1218,220217.hpcnode0,profile_s,0.0001,1e-06,5000,0.05,1,2019-08-07 07:05:45.988,50m 49s,49m 48s,100.1%,23.6 MB,131.8 MB,8.1 MB,6 KB,0.8333333333333334
245,48/de04dc,220219.hpcnode0,profile_s,0.0001,1e-06,5000,0.05,3,2019-08-07 07:05:46.143,50m 49s,50m 20s,100.1%,23.7 MB,133.8 MB,8.1 MB,6 KB,0.8500000000000001
246,88/bebfea,220223.hpcnode0,profile_s,0.0001,1e-06,5000,0.05,2,2019-08-07 07:05:46.421,50m 49s,50m 24s,100.1%,23.7 MB,133.8 MB,8.1 MB,6 KB,0.8500000000000001
247,81/f6602e,220210.hpcnode0,profile_s,0.0001,1e-07,5000,0.05,2,2019-08-07 07:05:45.436,51m 45s,50m 56s,100.2%,23.7 MB,131.8 MB,8.1 MB,6 KB,0.8500000000000001
248,6c/35a46b,220218.hpcnode0,profile_s,0.001,1e-07,5000,0.05,3,2019-08-07 07:05:46.052,51m 54s,51m 43s,100.1%,33.9 MB,141.9 MB,8.1 MB,6 KB,0.8666666666666667
249,4c/1b3c4a,220213.hpcnode0,profile_s,0.01,1e-07,5000,0.05,1,2019-08-07 07:05:45.697,52m 49s,52m 25s,100.1%,34 MB,142.1 MB,8.1 MB,6 KB,0.8833333333333334
250,6d/d1078e,220221.hpcnode0,profile_s,0.001,1e-06,5000,0.05,1,2019-08-07 07:05:46.278,52m 59s,52m 53s,100.1%,33.9 MB,143.9 MB,8.1 MB,6 KB,0.8833333333333334
251,4a/99ad91,220224.hpcnode0,profile_s,0.001,1e-07,5000,0.05,1,2019-08-07 07:05:46.484,52m 59s,52m 31s,100.1%,33.9 MB,143.9 MB,8.1 MB,6 KB,0.8833333333333334
252,ae/6b2d55,220220.hpcnode0,profile_s,0.001,1e-07,5000,0.05,2,2019-08-07 07:05:46.207,53m 59s,53m,100.1%,33.8 MB,143.9 MB,8.1 MB,6 KB,0.8833333333333333
253,0f/b6ef6d,220212.hpcnode0,profile_s,0.01,1e-06,5000,0.05,1,2019-08-07 07:05:45.600,54m 50s,53m 51s,100.1%,34 MB,142.1 MB,8.1 MB,6 KB,0.9
254,59/67647b,220209.hpcnode0,profile_s,0.01,1e-06,5000,0.05,3,2019-08-07 07:05:45.366,59m 45s,59m 11s,100.2%,34 MB,142.1 MB,8.1 MB,6 KB,1.0
255,7d/4d86aa,220216.hpcnode0,profile_s,0.01,1e-06,5000,0.05,2,2019-08-07 07:05:45.906,1h 1m 54s,1h 1m 12s,100.1%,34 MB,142.1 MB,8.1 MB,6 KB,1.0333333333333332
256,d0/bb7edc,220222.hpcnode0,profile_s,0.01,1e-07,5000,0.05,3,2019-08-07 07:05:46.355,1h 2m 4s,1h 1m 33s,100.1%,34 MB,144.1 MB,8.1 MB,6 KB,1.0333333333333332
257,5f/9a855d,220211.hpcnode0,profile_s,0.01,1e-07,5000,0.05,2,2019-08-07 07:05:45.507,1h 2m 55s,1h 2m 18s,100.2%,34 MB,142.1 MB,8.1 MB,6 KB,1.05
