mut,rec,seqLen,dualInf,rep,500,525,550,575,600,625,650,675,700,725,750,775,800,825,850,875,900,925,950,975,1000,1025,1050,1075,1100,1125,1150,1175
0.0010,1.0E-7,10000,0.05,3.,0.0000000e+00,9.5563338e-35,8.1883960e-10,6.9798915e-04,7.3884780e-04,6.9695369e-04,7.2036985e-04,5.1344284e-04,6.3966792e-04,3.9460991e-04,3.7894685e-04,5.6425156e-04,1.3680492e-03,1.8426524e-03,1.4046642e-03,1.7984179e-03,1.2088734e-03,1.4221143e-03,8.7439507e-04,5.9605841e-04,8.6215322e-04,6.1135261e-04,5.3368121e-09,1.4168350e-29,0.0000000e+00,0.0000000e+00,0.0000000e+00,1.2170806e-27
0.0010,0.0000010,2500,0.05,1.,3.8391887e-04,3.1018599e-02,9.9966979e-01,1.0000000e+00,1.0000000e+00,1.0000000e+00,1.0000000e+00,1.0000000e+00,1.0000000e+00,1.0000000e+00,1.0000000e+00,1.0000000e+00,1.0000000e+00,1.0000000e+00,1.0000000e+00,1.0000000e+00,1.0000000e+00,1.0000000e+00,1.0000000e+00,1.0000000e+00,1.0000000e+00,1.0000000e+00,9.9999970e-01,8.7356883e-01,6.5223405e-05,4.5429643e-17,2.0039850e-21,6.9962648e-13
0.010,0.0000010,10000,0.05,3.,1.2702529e-02,8.5729076e-02,5.3568175e-01,7.1346552e-01,3.5383678e-01,1.8286524e-01,2.8184450e-01,4.9595178e-01,9.1928429e-01,9.1962072e-01,9.0337945e-01,9.4437833e-01,9.2284539e-01,9.8153762e-01,9.8569308e-01,9.7269843e-01,7.1163985e-01,4.5277856e-01,3.5586446e-01,5.6693177e-01,7.4998369e-01,4.6983718e-01,2.5700061e-01,2.8444070e-01,1.6189459e-01,4.6231484e-01,3.3878316e-01,6.2712167e-01
0.00010,1.0E-7,2500,0.05,1.,9.9503738e-01,9.9724074e-01,9.9702990e-01,9.9992842e-01,9.9991035e-01,9.9989023e-01,9.9972426e-01,9.9963721e-01,9.9966878e-01,9.9973940e-01,9.9980399e-01,9.9983711e-01,9.9989982e-01,9.9984959e-01,9.9993192e-01,9.9987393e-01,9.9994085e-01,9.9998312e-01,9.9999342e-01,9.9999765e-01,9.9999564e-01,9.9999261e-01,9.9999168e-01,9.9999170e-01,9.9997760e-01,9.9934069e-01,9.8502181e-01,8.3805461e-01
0.00010,1.0E-7,1000,0.05,3.,4.8085890e-01,1.7988445e-01,7.0462049e-01,5.3080378e-01,5.3080378e-01,5.3080378e-01,4.8961191e-01,4.5229223e-01,4.4441623e-01,5.1716656e-01,5.1716656e-01,5.1716656e-01,5.5431247e-01,4.8559161e-01,4.7352018e-01,4.7778883e-01,4.7778883e-01,4.8191104e-01,4.8192892e-01,4.8595506e-01,4.8595506e-01,4.8595506e-01,4.8595506e-01,4.8988837e-01,4.9373007e-01,7.2781155e-01,6.5102779e-01,6.2130941e-02
0.010,0.0000010,1000,0.05,2.,8.3848445e-02,2.0979991e-01,4.9127838e-01,5.6785591e-01,3.4186873e-01,4.6446312e-02,1.7143813e-02,6.2087482e-02,1.3239748e-01,5.8019307e-01,6.3973913e-01,4.2490134e-01,5.4170306e-01,5.7045564e-01,6.1037947e-01,4.7203112e-01,4.9552416e-01,1.1821156e-01,7.3349076e-02,2.3892549e-01,5.2413164e-01,3.8934078e-01,6.8340302e-01,6.3089692e-01,4.9297929e-01,7.7583659e-01,4.8664829e-01,7.4618291e-01
0.0010,0.0000010,1000,0.05,3.,1.0000000e+00,1.0000000e+00,1.0000000e+00,1.0000000e+00,1.0000000e+00,1.0000000e+00,1.0000000e+00,1.0000000e+00,1.0000000e+00,1.0000000e+00,1.0000000e+00,1.0000000e+00,1.0000000e+00,1.0000000e+00,1.0000000e+00,1.0000000e+00,1.0000000e+00,1.0000000e+00,1.0000000e+00,1.0000000e+00,1.0000000e+00,1.0000000e+00,1.0000000e+00,1.0000000e+00,1.0000000e+00,9.9992003e-01,7.1504820e-02,5.5941642e-04
0.010,1.0E-7,100,0.05,1.,9.3013551e-01,8.2980687e-01,9.0806684e-01,7.7320740e-01,7.3754152e-01,7.4404135e-01,7.1910155e-01,8.1981548e-01,4.9916589e-01,3.3072999e-01,2.9486473e-01,2.5842399e-01,2.1415682e-01,3.8446452e-01,6.2774545e-01,6.8191202e-01,6.4627821e-01,4.2487289e-01,4.4263903e-01,4.5824051e-01,6.2011933e-01,4.1357262e-01,1.9331226e-01,3.7973886e-01,4.3593241e-01,6.9607893e-01,6.1356670e-01,7.9843708e-01
0.010,1.0E-7,2500,0.05,1.,9.1313971e-02,1.2949696e-02,9.7562001e-02,3.3540110e-01,7.8682006e-01,7.0693848e-01,8.0809673e-01,3.7052692e-01,6.1426597e-01,3.1800276e-01,8.8448392e-02,1.4412540e-01,2.9789843e-01,2.9197740e-01,5.5745264e-01,5.5678152e-01,4.2664985e-01,6.9576876e-01,3.5008693e-01,4.3183979e-01,8.8062577e-01,9.6199778e-01,8.6180492e-01,6.8477229e-01,1.0060890e-01,8.9306000e-03,2.6864259e-04,2.8152938e-01
0.00010,0.0000010,100,0.05,3.,8.9274513e-01,9.2728671e-01,9.8280658e-01,9.8317308e-01,9.8317308e-01,9.8317308e-01,9.8317308e-01,9.8317308e-01,9.8317308e-01,9.8317308e-01,9.8317308e-01,9.8317308e-01,9.8317308e-01,9.8317308e-01,9.8317308e-01,9.8317308e-01,9.8317308e-01,9.8317308e-01,9.8317308e-01,9.8317308e-01,9.8317308e-01,9.8317308e-01,9.8317308e-01,9.8317308e-01,9.8317308e-01,9.9526599e-01,9.6981421e-01,2.0710809e-01
0.0010,0.0000010,100,0.05,2.,8.7076439e-01,8.8372116e-01,7.8087076e-01,9.2933236e-01,9.3247075e-01,9.3394484e-01,9.3394484e-01,9.3628672e-01,9.7990809e-01,9.7990809e-01,9.7522537e-01,9.7522537e-01,9.6913044e-01,9.4396173e-01,9.3704871e-01,9.1150073e-01,8.9030596e-01,8.7624458e-01,8.1646082e-01,8.2043408e-01,8.2043408e-01,8.2043408e-01,7.3020084e-01,7.1713727e-01,6.9874742e-01,2.2475541e-01,4.6206174e-01,9.5639539e-01
0.010,1.0E-7,1000,0.05,3.,1.9008540e-02,7.9079290e-02,6.2153576e-01,8.3463283e-01,9.3359442e-01,9.3269535e-01,9.7135923e-01,9.7359201e-01,9.8004739e-01,9.6556087e-01,9.7028122e-01,9.9316715e-01,9.8683943e-01,9.6945990e-01,9.3697945e-01,9.0180224e-01,8.3449505e-01,9.6646273e-01,9.5025917e-01,9.7610268e-01,8.4685914e-01,9.8272207e-01,9.7144303e-01,9.6232261e-01,9.7716970e-01,9.0547133e-01,9.3491492e-01,8.3198112e-01
0.00010,0.0000010,10000,0.05,3.,1.0000000e+00,1.0000000e+00,1.0000000e+00,1.0000000e+00,1.0000000e+00,1.0000000e+00,1.0000000e+00,1.0000000e+00,1.0000000e+00,1.0000000e+00,1.0000000e+00,1.0000000e+00,1.0000000e+00,1.0000000e+00,1.0000000e+00,1.0000000e+00,1.0000000e+00,1.0000000e+00,1.0000000e+00,1.0000000e+00,1.0000000e+00,1.0000000e+00,1.0000000e+00,1.0000000e+00,1.0000000e+00,9.9999699e-01,4.0813363e-01,4.1143189e-04
0.0010,1.0E-7,2500,0.05,2.,2.5288528e-04,2.4191179e-01,9.9999812e-01,1.0000000e+00,1.0000000e+00,1.0000000e+00,1.0000000e+00,1.0000000e+00,1.0000000e+00,1.0000000e+00,1.0000000e+00,1.0000000e+00,1.0000000e+00,1.0000000e+00,1.0000000e+00,1.0000000e+00,1.0000000e+00,1.0000000e+00,1.0000000e+00,1.0000000e+00,1.0000000e+00,1.0000000e+00,9.9999872e-01,8.8277930e-01,2.6000451e-06,1.9288936e-18,4.2871490e-19,2.0510591e-08
0.00010,0.0000010,2500,0.05,2.,9.4000350e-01,9.7607004e-01,9.9876297e-01,9.9990572e-01,9.9987553e-01,9.9919555e-01,9.9989255e-01,9.9907614e-01,9.9961589e-01,9.9961589e-01,9.9962305e-01,9.9994752e-01,9.9957680e-01,9.9997762e-01,9.9998067e-01,9.9998735e-01,9.9981958e-01,9.9984028e-01,9.9982515e-01,9.9984740e-01,9.9977742e-01,9.9959058e-01,9.9935242e-01,9.9958270e-01,9.9963503e-01,9.9991724e-01,9.9217644e-01,8.6252966e-01
0.0010,1.0E-7,10000,0.05,2.,0.0000000e+00,2.1487176e-29,1.0088105e-06,1.2610483e-02,1.7435674e-02,1.9223993e-02,2.6360693e-02,2.7647530e-02,1.5287330e-02,1.8753837e-02,1.8434806e-02,2.7995876e-02,2.0626812e-02,1.5470281e-02,3.2368871e-02,3.3464706e-02,1.5971933e-02,1.9940537e-02,1.3819989e-02,1.0284021e-02,1.9710675e-02,9.1578761e-03,2.0170145e-07,2.0656986e-27,0.0000000e+00,0.0000000e+00,0.0000000e+00,2.6837148e-22
0.010,0.0000010,10000,0.05,2.,1.3639915e-01,1.9055187e-01,2.8614881e-01,2.4273740e-01,5.6503990e-01,7.9741888e-01,6.6890130e-01,6.9818451e-01,3.6409722e-01,3.3185730e-01,4.5230362e-01,5.5081672e-01,5.0019305e-01,3.8577366e-01,6.0552932e-01,5.7946676e-01,6.8156006e-02,2.5832134e-02,8.8195804e-02,2.9619537e-01,6.7816878e-01,3.0054600e-01,1.7943431e-01,6.2177363e-02,1.3812310e-02,5.3254865e-02,3.7783463e-02,1.5032688e-01
0.010,0.0000010,2500,0.05,1.,4.4324130e-01,6.5177818e-01,5.0025442e-01,8.3207321e-01,8.7938356e-01,9.8958076e-01,9.9300095e-01,9.7559191e-01,9.7082389e-01,9.7285736e-01,8.4555247e-01,8.2379546e-01,7.8404193e-01,7.5744651e-01,8.4465716e-01,7.6158876e-01,7.3311893e-01,6.6396833e-01,7.8492777e-01,4.1398985e-01,1.4543180e-01,2.3480967e-01,3.0545480e-01,4.9775977e-01,1.4149713e-01,8.2777747e-02,1.3291937e-01,3.5185853e-02
0.010,0.0000010,1000,0.05,3.,8.4303781e-01,7.2253243e-01,6.2465039e-01,7.6137652e-01,7.3498264e-01,3.5275753e-01,2.9390418e-01,6.1523914e-01,6.7860360e-01,2.8606483e-01,4.8253435e-01,4.3154368e-01,2.4480906e-01,3.5727789e-02,2.4741868e-02,2.6599407e-01,4.2814376e-01,2.0825623e-01,6.2717595e-02,4.5028230e-02,5.5525639e-01,9.0671427e-01,9.3521029e-01,7.1597521e-01,1.5093972e-01,2.8444864e-02,1.1046009e-01,4.3117877e-01
0.00010,1.0E-7,1000,0.05,2.,1.0642795e-01,1.0474319e-01,4.5324446e-02,1.0535311e-01,9.7818194e-02,9.7818194e-02,1.0430470e-01,1.0430470e-01,9.5968163e-02,1.1613979e-01,1.1613979e-01,9.7332560e-02,8.2675009e-02,8.2675009e-02,6.9575251e-02,6.9575251e-02,6.9575251e-02,5.7966480e-02,5.9345526e-02,5.9345526e-02,6.3993058e-02,6.3993058e-02,4.1977545e-02,4.1977545e-02,4.1977545e-02,2.7070071e-02,1.7642874e-01,5.3190115e-02
0.0010,0.0000010,1000,0.05,2.,1.0000000e+00,9.9999955e-01,1.0000000e+00,1.0000000e+00,1.0000000e+00,1.0000000e+00,1.0000000e+00,1.0000000e+00,1.0000000e+00,1.0000000e+00,1.0000000e+00,1.0000000e+00,1.0000000e+00,1.0000000e+00,1.0000000e+00,1.0000000e+00,1.0000000e+00,1.0000000e+00,1.0000000e+00,1.0000000e+00,1.0000000e+00,1.0000000e+00,1.0000000e+00,1.0000000e+00,9.9999999e-01,8.0445113e-01,1.4251714e-11,1.1091675e-09
0.00010,0.0000010,1000,0.05,1.,5.7323683e-01,5.9163492e-01,2.2464513e-01,7.8179458e-01,7.8179458e-01,7.8179458e-01,7.8179458e-01,7.8179458e-01,7.8960701e-01,7.8960701e-01,7.8960701e-01,7.8960701e-01,7.4105452e-01,7.4337080e-01,7.5655552e-01,7.5655552e-01,7.5655552e-01,7.5655552e-01,7.5410823e-01,7.6243460e-01,7.4316055e-01,6.6477191e-01,6.6477191e-01,6.6477191e-01,6.5226669e-01,4.4449591e-01,6.6838282e-01,6.7856033e-01
0.00010,0.0000010,100,0.05,2.,1.4728006e-01,3.3357978e-01,3.7450655e-01,1.7726974e-01,1.7726974e-01,1.7726974e-01,1.7726974e-01,1.7726974e-01,1.7726974e-01,1.7726974e-01,1.7726974e-01,1.7726974e-01,1.7726974e-01,1.7726974e-01,1.7726974e-01,1.7726974e-01,1.7726974e-01,1.7726974e-01,1.7726974e-01,1.7726974e-01,1.7726974e-01,1.7726974e-01,1.7726974e-01,1.7726974e-01,1.7726974e-01,3.1867594e-01,1.0000000e+00,3.5649529e-311
0.0010,0.0000010,100,0.05,3.,4.6821103e-01,3.6334539e-01,7.2724878e-01,8.4627013e-01,8.4627013e-01,8.4627013e-01,7.6330105e-01,6.7487965e-01,6.7487965e-01,6.7487965e-01,6.7487965e-01,6.2415372e-01,6.2415372e-01,6.2415372e-01,6.2415372e-01,6.6332206e-01,5.1339769e-01,4.8219049e-01,4.8219049e-01,4.8219049e-01,4.8219049e-01,4.0704903e-01,4.0704903e-01,3.4295823e-01,2.4966978e-01,2.7045106e-01,1.8647028e-01,8.7694406e-01
0.0010,1.0E-7,1000,0.05,1.,1.0000000e+00,9.9999999e-01,1.0000000e+00,1.0000000e+00,1.0000000e+00,1.0000000e+00,1.0000000e+00,1.0000000e+00,1.0000000e+00,1.0000000e+00,1.0000000e+00,1.0000000e+00,1.0000000e+00,1.0000000e+00,1.0000000e+00,1.0000000e+00,1.0000000e+00,1.0000000e+00,1.0000000e+00,1.0000000e+00,1.0000000e+00,1.0000000e+00,1.0000000e+00,1.0000000e+00,1.0000000e+00,9.9983958e-01,1.8646659e-01,1.4369778e-04
0.010,1.0E-7,1000,0.05,2.,3.2695594e-01,3.7241554e-01,7.3115160e-01,9.7828525e-01,8.4476803e-01,7.3143322e-01,2.9584502e-01,6.9057052e-01,8.6317469e-01,9.4708167e-01,9.8249992e-01,9.4915568e-01,9.1715284e-01,9.3330999e-01,8.6646049e-01,8.0975866e-01,4.8290040e-01,1.0928641e-01,1.9149257e-01,7.8801047e-01,8.5154706e-01,5.5374131e-01,6.7850175e-01,5.7442506e-01,7.2369538e-01,6.3730255e-01,3.1012386e-01,2.0945989e-01
0.010,1.0E-7,10000,0.05,1.,4.1993481e-03,1.6227570e-02,6.3037435e-01,8.8058418e-01,8.2193426e-01,7.9276201e-01,9.1299223e-01,8.4202838e-01,7.4371970e-01,3.8334340e-01,7.0496419e-01,7.4564638e-01,9.4951415e-01,9.8976967e-01,9.9709994e-01,9.9595448e-01,9.9854155e-01,9.8337084e-01,9.2530076e-01,7.9320477e-01,7.9592742e-01,8.5546165e-01,8.3645643e-01,8.2016530e-01,3.3026905e-01,1.0842307e-01,2.8000191e-01,4.2183821e-01
0.00010,0.0000010,10000,0.05,2.,1.0000000e+00,1.0000000e+00,1.0000000e+00,1.0000000e+00,1.0000000e+00,1.0000000e+00,1.0000000e+00,1.0000000e+00,1.0000000e+00,1.0000000e+00,1.0000000e+00,1.0000000e+00,1.0000000e+00,1.0000000e+00,1.0000000e+00,1.0000000e+00,1.0000000e+00,1.0000000e+00,1.0000000e+00,1.0000000e+00,1.0000000e+00,1.0000000e+00,1.0000000e+00,1.0000000e+00,1.0000000e+00,1.0000000e+00,9.7092111e-01,8.7607486e-03
0.0010,1.0E-7,2500,0.05,3.,8.1043323e-03,7.9785796e-02,9.9985104e-01,1.0000000e+00,1.0000000e+00,1.0000000e+00,1.0000000e+00,1.0000000e+00,1.0000000e+00,1.0000000e+00,1.0000000e+00,1.0000000e+00,1.0000000e+00,1.0000000e+00,1.0000000e+00,1.0000000e+00,1.0000000e+00,1.0000000e+00,1.0000000e+00,1.0000000e+00,1.0000000e+00,1.0000000e+00,9.9999942e-01,9.1606380e-01,2.3407891e-04,1.2059346e-14,4.5158228e-19,4.4891500e-06
0.00010,0.0000010,2500,0.05,3.,9.9937523e-01,9.9998426e-01,9.9999583e-01,9.9999992e-01,9.9999991e-01,9.9999985e-01,9.9999981e-01,9.9999954e-01,9.9999964e-01,9.9999924e-01,9.9999622e-01,9.9999433e-01,9.9999264e-01,9.9999503e-01,9.9999388e-01,9.9999393e-01,9.9999968e-01,9.9999955e-01,9.9999982e-01,9.9999987e-01,9.9999977e-01,9.9999971e-01,9.9999947e-01,9.9999973e-01,9.9999985e-01,9.9994146e-01,9.9873234e-01,8.0650459e-01
0.0010,0.0000010,10000,0.05,1.,7.5294620e-21,3.0775124e-13,3.6425357e-01,9.5018393e-01,9.5874813e-01,9.2175363e-01,9.1004840e-01,8.9665916e-01,8.6691434e-01,8.5681868e-01,8.3276024e-01,8.4195920e-01,8.7076300e-01,8.7744753e-01,9.3372117e-01,9.2691160e-01,9.0428266e-01,9.2864097e-01,9.2726919e-01,8.9386215e-01,9.2253560e-01,8.9863637e-01,1.7941301e-01,3.3048671e-08,7.8276126e-31,0.0000000e+00,0.0000000e+00,8.6637692e-15
0.0010,1.0E-7,10000,0.05,1.,0.0000000e+00,6.5857663e-26,2.7867041e-05,1.2662533e-01,1.1467345e-01,1.1550869e-01,1.4103750e-01,1.8286693e-01,1.4717316e-01,1.1559549e-01,9.7641429e-02,1.1782159e-01,1.2184635e-01,7.8182601e-02,1.0625954e-01,9.1745451e-02,6.7088976e-02,7.8184843e-02,5.8519799e-02,4.6658708e-02,5.1228455e-02,4.6611862e-02,9.4166884e-06,9.4378789e-21,0.0000000e+00,0.0000000e+00,0.0000000e+00,2.2177050e-23
0.010,0.0000010,10000,0.05,1.,3.3835676e-02,1.7641601e-01,4.1072535e-01,5.2457010e-01,3.5990368e-01,4.8376767e-01,7.1426966e-01,5.8757852e-01,4.7150743e-01,2.3961787e-01,1.2630430e-01,2.0648160e-01,3.5623771e-01,2.6887308e-01,1.7197342e-01,1.0329484e-01,2.0595131e-01,5.0929268e-01,6.8849358e-01,4.2153046e-01,2.1311845e-01,2.1129529e-01,3.2120240e-02,2.3803471e-02,1.7435935e-04,3.0038478e-03,9.6185586e-02,4.8835410e-01
0.0010,0.0000010,2500,0.05,3.,8.0470436e-10,1.0016690e-05,9.9746962e-01,9.9999985e-01,9.9999984e-01,9.9999948e-01,9.9999954e-01,9.9999984e-01,9.9999989e-01,9.9999983e-01,9.9999937e-01,9.9999552e-01,9.9999822e-01,9.9999765e-01,9.9999766e-01,9.9999711e-01,9.9999016e-01,9.9998931e-01,9.9998679e-01,9.9998857e-01,9.9999204e-01,9.9998599e-01,9.7583654e-01,1.0082517e-02,6.5404963e-18,0.0000000e+00,0.0000000e+00,3.1812584e-22
0.00010,1.0E-7,2500,0.05,3.,6.8059556e-01,3.0139869e-01,2.1513926e-01,2.4611718e-01,2.3329539e-01,3.0718197e-01,2.5831963e-01,8.3623251e-01,8.5590743e-01,9.5939275e-01,9.6569255e-01,9.7218726e-01,9.7319980e-01,9.7735400e-01,9.7735400e-01,9.7649801e-01,9.7651253e-01,9.7023771e-01,9.7023771e-01,9.8264851e-01,9.7975419e-01,9.6117925e-01,9.6117925e-01,9.7571284e-01,9.9228783e-01,9.7469981e-01,9.6868036e-01,9.9520952e-01
0.010,0.0000010,2500,0.05,2.,1.9718334e-02,1.4995073e-01,5.9878865e-01,8.4352316e-01,8.2106187e-01,5.6939056e-01,8.5435959e-01,6.7368840e-01,7.4113674e-01,8.2034874e-01,8.2782202e-01,6.5675502e-01,6.4655005e-01,6.4487064e-01,8.0048261e-01,8.7486032e-01,8.1735340e-01,7.3756538e-01,7.1175919e-01,4.4302163e-01,7.2967655e-01,7.3721955e-01,9.2015595e-01,5.6070136e-01,3.7331070e-01,1.0928657e-01,1.6281273e-01,1.8022452e-01
0.00010,1.0E-7,1000,0.05,1.,3.5606506e-01,4.4206381e-01,8.2926866e-01,7.1453325e-01,7.1453325e-01,7.1622427e-01,6.9248050e-01,7.8744223e-01,8.3152989e-01,8.1460231e-01,8.0505717e-01,8.0505717e-01,8.0505717e-01,8.0436242e-01,7.9354139e-01,7.9354139e-01,8.1114190e-01,8.1114190e-01,8.3633906e-01,8.3633906e-01,8.3633906e-01,8.3633906e-01,8.0973962e-01,8.0973962e-01,8.0973962e-01,8.8423339e-01,7.7989845e-01,1.6673238e-01
0.0010,0.0000010,1000,0.05,1.,1.0000000e+00,9.9999962e-01,1.0000000e+00,1.0000000e+00,1.0000000e+00,1.0000000e+00,1.0000000e+00,1.0000000e+00,1.0000000e+00,1.0000000e+00,1.0000000e+00,1.0000000e+00,1.0000000e+00,1.0000000e+00,1.0000000e+00,1.0000000e+00,1.0000000e+00,1.0000000e+00,1.0000000e+00,1.0000000e+00,1.0000000e+00,1.0000000e+00,1.0000000e+00,9.9999999e-01,9.9999554e-01,9.9379233e-01,3.2751210e-02,1.0260471e-03
0.010,1.0E-7,100,0.05,3.,4.2980311e-01,5.0399369e-01,4.1813130e-01,4.2998788e-01,5.7165120e-01,3.9422653e-01,4.7198769e-01,2.8059419e-01,2.2012534e-01,4.1926224e-01,3.7804289e-01,5.6695510e-01,5.3899632e-01,3.6649651e-01,4.0883924e-01,2.6064516e-01,2.8790611e-01,4.8579322e-01,7.0079271e-01,6.2688216e-01,5.8203539e-01,2.4704130e-01,2.3267496e-01,4.2512908e-01,3.2433111e-01,2.0681111e-01,2.1556959e-01,2.3367607e-01
0.010,1.0E-7,2500,0.05,3.,5.3629500e-01,3.3781223e-01,8.9638866e-01,8.2117521e-01,6.9243737e-01,5.6959860e-01,8.8241409e-01,9.1293812e-01,9.2832748e-01,8.5354972e-01,7.2165770e-01,6.7132758e-01,6.1685098e-01,3.6516210e-01,4.4381980e-01,4.9590015e-01,4.5780836e-01,3.1036343e-01,4.4798768e-01,7.5529325e-01,5.5149377e-01,5.0562782e-01,8.7044159e-01,6.4673792e-01,5.2168785e-01,4.9471120e-01,6.6052096e-01,8.5582598e-01
0.00010,0.0000010,100,0.05,1.,4.0450349e-01,2.6148301e-01,2.4389900e-01,2.2980352e-01,2.2980352e-01,2.2980352e-01,2.2980352e-01,2.2980352e-01,2.2980352e-01,2.2980352e-01,2.2980352e-01,2.2980352e-01,2.2980352e-01,2.2980352e-01,2.2980352e-01,2.2980352e-01,2.2980352e-01,2.2980352e-01,2.2980352e-01,2.2980352e-01,2.2980352e-01,2.2980352e-01,2.2980352e-01,2.2980352e-01,2.2980352e-01,2.1315428e-01,2.5482574e-01,1.0000000e+00
0.00010,0.0000010,1000,0.05,2.,9.4978835e-01,9.4034432e-01,8.0304317e-01,8.6407619e-01,8.5843449e-01,8.5843449e-01,8.8341170e-01,8.8341170e-01,8.5726156e-01,8.5726156e-01,8.5726156e-01,8.6549943e-01,8.5042954e-01,8.4351138e-01,8.4351138e-01,8.3570087e-01,8.3570087e-01,8.3570087e-01,8.1933150e-01,8.1927557e-01,8.4468892e-01,8.4468892e-01,8.4468892e-01,8.1126698e-01,7.7365310e-01,6.7367078e-01,3.9541783e-01,1.2350422e-01
0.0010,1.0E-7,1000,0.05,2.,9.7876488e-01,8.7809286e-01,1.0000000e+00,1.0000000e+00,1.0000000e+00,1.0000000e+00,1.0000000e+00,1.0000000e+00,1.0000000e+00,1.0000000e+00,1.0000000e+00,1.0000000e+00,1.0000000e+00,1.0000000e+00,1.0000000e+00,1.0000000e+00,1.0000000e+00,1.0000000e+00,1.0000000e+00,1.0000000e+00,1.0000000e+00,1.0000000e+00,1.0000000e+00,1.0000000e+00,9.9996305e-01,7.5312212e-01,5.9690161e-06,2.6680760e-05
0.010,1.0E-7,1000,0.05,1.,2.0016731e-02,3.8568069e-02,3.1708398e-01,1.8239140e-01,8.1524413e-02,2.5545141e-01,5.5204317e-01,6.3270393e-01,4.0915710e-01,3.0128084e-01,1.5128664e-01,2.2839257e-01,1.1321497e-01,3.6402303e-02,2.3310724e-01,6.5204141e-01,4.0899772e-01,1.6444644e-01,1.4413460e-01,9.9184849e-02,2.1238957e-01,5.9890256e-01,6.2898996e-01,3.7454043e-01,2.4451470e-01,1.9819935e-01,4.1079890e-01,4.6051577e-01
0.010,1.0E-7,10000,0.05,2.,1.1118219e-02,2.6176488e-03,9.0573208e-02,2.4010099e-01,3.0665742e-01,1.4668872e-01,2.7627574e-01,4.8622233e-01,7.2953486e-01,7.9332704e-01,6.1868100e-01,5.4032662e-01,7.3003688e-01,8.0382890e-01,8.2891168e-01,7.5335818e-01,7.3334676e-01,6.4572362e-01,4.1530265e-01,2.3526645e-01,1.2284626e-01,6.6576794e-02,1.4682926e-01,3.1773979e-01,1.8730151e-01,3.0470338e-01,4.8820153e-01,5.8541338e-01
0.00010,0.0000010,10000,0.05,1.,1.0000000e+00,1.0000000e+00,1.0000000e+00,1.0000000e+00,1.0000000e+00,1.0000000e+00,1.0000000e+00,1.0000000e+00,1.0000000e+00,1.0000000e+00,1.0000000e+00,1.0000000e+00,1.0000000e+00,1.0000000e+00,1.0000000e+00,1.0000000e+00,1.0000000e+00,1.0000000e+00,1.0000000e+00,1.0000000e+00,1.0000000e+00,1.0000000e+00,1.0000000e+00,1.0000000e+00,1.0000000e+00,9.9999288e-01,7.4303178e-01,2.0251110e-01
0.0010,0.0000010,10000,0.05,2.,0.0000000e+00,1.4427806e-30,9.7934068e-08,2.1265999e-02,1.9868866e-02,1.2086638e-02,1.8789880e-02,1.7088855e-02,1.3927652e-02,9.9488142e-03,7.5793353e-03,6.7831028e-03,1.2306219e-02,1.6457210e-02,2.1515366e-02,1.6663779e-02,1.0974170e-02,1.4683594e-02,8.3795054e-03,4.4527696e-03,3.5770466e-03,2.4531186e-03,1.4295872e-07,1.3996474e-26,0.0000000e+00,0.0000000e+00,0.0000000e+00,1.1805556e-27
0.0010,0.0000010,2500,0.05,2.,5.1223252e-02,8.3355513e-01,1.0000000e+00,1.0000000e+00,1.0000000e+00,1.0000000e+00,1.0000000e+00,1.0000000e+00,1.0000000e+00,1.0000000e+00,1.0000000e+00,1.0000000e+00,1.0000000e+00,1.0000000e+00,1.0000000e+00,1.0000000e+00,1.0000000e+00,1.0000000e+00,1.0000000e+00,1.0000000e+00,1.0000000e+00,1.0000000e+00,1.0000000e+00,9.9841627e-01,1.0850548e-03,2.4277332e-20,1.0143364e-27,1.7147245e-12
0.010,0.0000010,2500,0.05,3.,2.3972296e-02,6.7837121e-02,3.3471006e-02,6.5682577e-03,1.1850078e-02,3.3724408e-02,2.0440848e-01,4.3598537e-01,5.0539621e-01,6.2850944e-01,6.5344300e-01,5.5790608e-01,6.2623950e-01,8.5176314e-01,7.8960710e-01,4.5804146e-01,1.8879487e-01,2.4367273e-01,5.6390141e-01,2.5867528e-01,5.5227182e-01,5.1591910e-01,4.2910941e-01,6.4814138e-01,2.8405012e-01,6.2784486e-02,9.8199715e-02,5.8824772e-02
0.00010,1.0E-7,2500,0.05,2.,9.5078248e-01,9.8250731e-01,9.6894536e-01,9.9946845e-01,9.9975688e-01,9.9972412e-01,9.9966373e-01,9.9939165e-01,9.9982223e-01,9.9990589e-01,9.9988466e-01,9.9977795e-01,9.9989137e-01,9.9988562e-01,9.9980883e-01,9.9978635e-01,9.9976972e-01,9.9969496e-01,9.9973391e-01,9.9967444e-01,9.9963101e-01,9.9972241e-01,9.9961210e-01,9.9934914e-01,9.9813027e-01,9.9971368e-01,9.9748370e-01,9.9962403e-01
0.010,0.0000010,1000,0.05,1.,1.0940860e-01,6.1914763e-01,8.0530497e-01,5.1015390e-01,2.1867306e-01,1.4918360e-01,9.5358443e-02,2.8410183e-01,2.5569472e-01,3.2864151e-01,4.8201895e-01,6.3182932e-01,7.4160808e-01,7.1842643e-01,7.7449249e-01,9.2161193e-01,8.9427147e-01,5.8596149e-01,6.1811232e-01,7.2107121e-01,6.6894257e-01,5.1018541e-01,3.1419759e-01,4.5347369e-02,8.8077591e-05,1.0970162e-04,2.9575463e-03,1.3177647e-01
0.010,1.0E-7,100,0.05,2.,4.7962068e-01,3.7613883e-01,2.5270276e-01,3.6541540e-01,3.5344467e-01,6.3198147e-01,9.0333848e-01,7.0726350e-01,6.8416624e-01,5.8470500e-01,6.2059956e-01,6.7747990e-01,7.3993992e-01,8.7523218e-01,5.3965935e-01,3.1516394e-01,3.4200938e-01,1.7176892e-01,4.2630184e-01,7.2673762e-01,9.6306832e-01,8.1186991e-01,7.9762444e-01,6.2802855e-01,7.6043792e-01,4.6701774e-01,4.8565754e-01,2.0149788e-01
0.010,1.0E-7,2500,0.05,2.,1.0172923e-02,1.2965281e-02,4.8703063e-01,8.1844828e-01,7.0133958e-01,4.5201147e-01,4.2182105e-01,5.7438486e-01,5.9565252e-01,6.7760618e-01,5.0615133e-01,4.5836634e-01,9.0237216e-01,6.3756706e-01,8.4287590e-01,6.7284821e-01,8.5966846e-01,9.6110572e-01,8.2089751e-01,9.7886248e-01,9.4199125e-01,9.4159284e-01,7.5745787e-01,7.3759372e-01,7.9790477e-01,8.0064313e-01,6.7474005e-01,8.3562319e-01
0.00010,0.0000010,1000,0.05,3.,7.2615983e-01,5.1065848e-01,4.0923793e-01,3.3579767e-01,3.4039622e-01,3.1953664e-01,2.8768870e-01,2.8414936e-01,2.8414936e-01,2.6875363e-01,2.6875363e-01,2.5355231e-01,2.5355231e-01,2.5355231e-01,2.5355231e-01,2.4125866e-01,2.4125866e-01,2.4398312e-01,2.4398312e-01,1.7995924e-01,1.7995924e-01,1.7995924e-01,1.5668676e-01,1.5668676e-01,1.4554097e-01,1.8265119e-01,1.6371571e-01,4.7171617e-01
0.0010,1.0E-7,1000,0.05,3.,9.9887084e-01,9.6098499e-01,9.9990968e-01,9.9999942e-01,9.9999804e-01,9.9999947e-01,9.9999934e-01,9.9999937e-01,9.9999878e-01,9.9999894e-01,9.9999905e-01,9.9999915e-01,9.9999992e-01,9.9999998e-01,9.9999996e-01,9.9999996e-01,9.9999996e-01,9.9999999e-01,9.9999999e-01,9.9999999e-01,1.0000000e+00,9.9999999e-01,9.9999998e-01,9.9998965e-01,9.9951417e-01,7.6232153e-01,2.0347755e-02,4.1778110e-03
0.0010,0.0000010,100,0.05,1.,8.5970678e-01,7.1560584e-01,8.7472783e-01,9.8333919e-01,9.7441744e-01,9.7441744e-01,9.7441744e-01,9.6112195e-01,9.5315562e-01,9.5276132e-01,9.4955231e-01,9.4955231e-01,9.4955231e-01,9.5614033e-01,8.8429184e-01,9.2681842e-01,8.8618970e-01,8.2529728e-01,8.2529728e-01,8.2529728e-01,8.2529728e-01,8.2529728e-01,8.2529728e-01,8.3774253e-01,8.3774253e-01,7.9941487e-01,2.4178133e-01,5.3308086e-01
0.010,1.0E-7,10000,0.05,3.,3.1734623e-03,5.1536396e-03,6.0843769e-02,1.1409716e-01,9.6221122e-02,1.7213905e-02,1.0680002e-02,3.2886677e-01,5.0947839e-01,5.5041135e-01,1.2413186e-01,1.9903465e-01,3.3521895e-01,4.2707298e-01,5.7572904e-01,3.2498780e-01,1.4356959e-01,4.6350880e-01,2.1078690e-01,8.8086571e-02,1.8335613e-02,3.5779837e-02,6.8853826e-02,1.2319996e-02,2.7335649e-02,1.1528210e-01,2.0363348e-01,3.2189693e-01
0.0010,1.0E-7,2500,0.05,1.,5.4403653e-12,3.1512369e-05,9.9982779e-01,1.0000000e+00,1.0000000e+00,1.0000000e+00,1.0000000e+00,1.0000000e+00,1.0000000e+00,1.0000000e+00,1.0000000e+00,1.0000000e+00,1.0000000e+00,1.0000000e+00,1.0000000e+00,1.0000000e+00,1.0000000e+00,1.0000000e+00,1.0000000e+00,1.0000000e+00,1.0000000e+00,9.9999996e-01,9.9970747e-01,4.2286759e-01,4.7483012e-13,4.3588662e-33,1.2947996e-29,3.0332457e-12
0.0010,0.0000010,10000,0.05,3.,0.0000000e+00,3.0515220e-24,1.8501616e-04,6.3417387e-02,8.0979038e-02,4.6553608e-02,5.8870046e-02,6.4886831e-02,5.4417904e-02,5.5657200e-02,6.3543084e-02,6.7835465e-02,6.9709510e-02,5.8652150e-02,6.2571462e-02,8.0409805e-02,4.5304675e-02,4.3918503e-02,4.0128704e-02,4.5170230e-02,3.9412864e-02,3.5584871e-02,1.3900436e-05,3.9016575e-21,0.0000000e+00,0.0000000e+00,0.0000000e+00,1.9510879e-20
0.00010,0.0000010,2500,0.05,1.,4.9998979e-01,8.4997532e-01,7.4937068e-01,8.9156208e-01,8.8579216e-01,9.0191236e-01,8.6471309e-01,8.8338353e-01,8.7701778e-01,8.8737415e-01,8.9950080e-01,9.1972384e-01,9.2450908e-01,9.2182002e-01,9.2766829e-01,9.2104809e-01,9.3648159e-01,9.3875839e-01,9.5401408e-01,9.4581883e-01,9.4302798e-01,9.5397731e-01,9.4205161e-01,9.2019071e-01,8.7213751e-01,9.7095768e-01,9.2267253e-01,9.0121312e-01
0.010,1.0E-7,5000,0.05,2.,1.9787566e-01,3.0008454e-01,6.5924437e-01,7.3026994e-01,7.4860269e-01,3.5830549e-01,2.7390071e-01,3.7271429e-01,8.2310467e-01,7.2676021e-01,8.7354276e-01,8.0567324e-01,9.1440395e-01,8.1285775e-01,8.2610852e-01,8.8005158e-01,8.6980056e-01,8.3441002e-01,5.9389613e-01,1.5661694e-01,5.4496832e-02,3.2175965e-01,4.0204546e-01,2.8308719e-01,7.3517781e-02,1.5806610e-02,9.2337353e-02,2.7224087e-01
0.00010,0.0000010,5000,0.05,1.,9.7861892e-01,9.6694808e-01,9.9563110e-01,9.9937648e-01,9.9907831e-01,9.9936704e-01,9.9919457e-01,9.9814766e-01,9.9890582e-01,9.9810882e-01,9.9869787e-01,9.9664508e-01,9.9553933e-01,9.9528729e-01,9.9323272e-01,9.9558523e-01,9.9775473e-01,9.9769704e-01,9.9826546e-01,9.9787018e-01,9.9802683e-01,9.9817333e-01,9.9969698e-01,9.9769401e-01,9.9302493e-01,9.9155761e-01,9.3492481e-01,1.1806196e-02
0.0010,1.0E-7,5000,0.05,1.,2.5071931e-29,1.4729024e-14,3.2181648e-02,7.1325087e-01,8.0438736e-01,6.9853619e-01,7.1645392e-01,8.2041869e-01,7.5199400e-01,7.4892505e-01,7.2690639e-01,7.1787566e-01,7.7801763e-01,7.6823864e-01,7.8441351e-01,7.0424583e-01,5.4831226e-01,5.4332679e-01,4.6057859e-01,3.7507672e-01,4.7675114e-01,3.8604406e-01,4.6343531e-03,2.4423957e-15,0.0000000e+00,0.0000000e+00,0.0000000e+00,3.2830535e-29
0.00010,1.0E-7,5000,0.05,2.,9.7314911e-01,9.7798562e-01,9.7174697e-01,9.9397501e-01,9.9485829e-01,9.9273190e-01,9.9537016e-01,9.8829353e-01,9.8832022e-01,9.8977758e-01,9.8887205e-01,9.8177464e-01,9.7703201e-01,9.8446833e-01,9.8446864e-01,9.8180288e-01,9.8186178e-01,9.6896553e-01,9.6669152e-01,9.7518950e-01,9.6910072e-01,9.6262155e-01,9.3153040e-01,9.2215343e-01,9.4551584e-01,8.9641018e-01,6.1641391e-01,2.6613141e-01
0.010,0.0000010,5000,0.05,3.,6.2646729e-01,8.1171162e-01,8.6690730e-01,9.9511132e-01,9.8720210e-01,9.5229940e-01,9.8959017e-01,9.8232217e-01,9.8712506e-01,9.9877490e-01,9.9455528e-01,9.9408380e-01,9.9306259e-01,9.8885655e-01,9.9891314e-01,9.9557164e-01,9.8403301e-01,9.4610586e-01,9.4613402e-01,8.6905011e-01,8.6780569e-01,9.0312139e-01,9.4134153e-01,8.7511081e-01,6.4774019e-01,4.6780520e-01,3.2376107e-01,6.2463736e-01
0.0010,0.0000010,5000,0.05,2.,4.5352339e-02,1.8880459e-01,9.9917472e-01,9.9999998e-01,9.9999996e-01,9.9999995e-01,9.9999998e-01,9.9999999e-01,9.9999993e-01,9.9999982e-01,9.9999997e-01,9.9999996e-01,9.9999996e-01,9.9999999e-01,1.0000000e+00,9.9999999e-01,9.9999999e-01,1.0000000e+00,9.9999999e-01,9.9999998e-01,9.9999998e-01,1.0000000e+00,9.9997202e-01,7.0975372e-01,1.1809350e-06,1.7176595e-16,2.4248157e-16,1.3820432e-03
0.0010,1.0E-7,100,0.05,3.,8.0192261e-01,8.5191235e-01,9.3854798e-01,9.8290195e-01,9.8832090e-01,9.7538444e-01,9.7542786e-01,9.7542786e-01,9.7078516e-01,9.7599187e-01,9.8274601e-01,9.7363087e-01,9.7363087e-01,9.7363087e-01,9.7024865e-01,9.7024865e-01,9.7657751e-01,9.7657751e-01,9.7657751e-01,9.7258543e-01,9.5905373e-01,9.5550395e-01,9.5550395e-01,9.5550395e-01,9.3117872e-01,8.2031314e-01,9.3455978e-01,1.2326803e-01
0.010,0.0000010,100,0.05,1.,3.1812018e-01,4.3220773e-01,2.7523608e-01,3.2285264e-01,3.7181464e-01,6.7009884e-01,5.7948231e-01,5.0156031e-01,1.0404649e-01,2.4031480e-01,1.5820051e-01,2.8345280e-01,3.2941857e-01,1.1256474e-01,1.5723460e-01,6.3953810e-02,1.7242843e-02,5.1823388e-03,2.0495206e-02,1.7823204e-02,1.3406581e-02,2.5509205e-02,4.2030924e-02,4.1223480e-02,3.3126536e-02,1.6998005e-02,3.7334826e-02,1.8476435e-02
0.010,1.0E-7,5000,0.05,3.,6.9901816e-02,1.7676319e-01,6.7635366e-01,8.8988452e-01,8.6846570e-01,8.1615054e-01,8.3228924e-01,9.0275867e-01,9.8481756e-01,7.9843223e-01,5.3385845e-01,4.9527111e-01,9.4982523e-01,9.2500876e-01,9.3698730e-01,9.4007771e-01,8.9973881e-01,8.7025869e-01,9.1609163e-01,8.8695502e-01,7.2799061e-01,4.6844215e-01,4.7375324e-01,1.2802461e-01,4.7575332e-02,6.4799564e-03,6.1902878e-02,1.0598996e-01
0.00010,1.0E-7,10000,0.05,1.,9.9583165e-01,9.5889365e-01,9.9997533e-01,9.9999966e-01,9.9999936e-01,9.9999889e-01,9.9999747e-01,9.9999638e-01,9.9999857e-01,9.9999991e-01,9.9999974e-01,9.9999951e-01,9.9999985e-01,9.9999990e-01,9.9999994e-01,9.9999993e-01,9.9999995e-01,9.9999996e-01,9.9999984e-01,9.9999965e-01,9.9999935e-01,9.9999959e-01,9.9998260e-01,9.9979523e-01,9.9960506e-01,9.2406707e-01,5.4537873e-01,1.5622648e-01
0.010,0.0000010,5000,0.05,2.,7.3539766e-03,8.7948281e-02,2.3044494e-01,4.9761069e-01,2.1566359e-01,4.1372207e-02,2.2875080e-01,8.7021676e-01,5.1206681e-01,4.3688442e-01,2.8159724e-01,5.0048792e-01,6.8623295e-01,8.4225339e-01,7.8126584e-01,6.0797720e-01,5.5431095e-01,6.8776957e-01,6.9234207e-01,7.5561304e-01,5.3364743e-01,6.3879243e-01,7.1126175e-01,8.1059921e-01,5.8213190e-01,7.0553072e-01,6.3720230e-01,7.9051054e-01
0.00010,1.0E-7,5000,0.05,3.,1.0000000e+00,1.0000000e+00,1.0000000e+00,1.0000000e+00,1.0000000e+00,1.0000000e+00,1.0000000e+00,1.0000000e+00,1.0000000e+00,1.0000000e+00,1.0000000e+00,1.0000000e+00,1.0000000e+00,1.0000000e+00,1.0000000e+00,1.0000000e+00,1.0000000e+00,1.0000000e+00,1.0000000e+00,1.0000000e+00,1.0000000e+00,1.0000000e+00,1.0000000e+00,1.0000000e+00,1.0000000e+00,1.0000000e+00,9.9998592e-01,2.4812888e-01
0.0010,0.0000010,5000,0.05,3.,3.0076054e-01,2.5719060e-01,9.8787735e-01,9.9996988e-01,9.9997285e-01,9.9998955e-01,9.9996651e-01,9.9998815e-01,9.9944922e-01,9.9947978e-01,9.9970691e-01,9.9991501e-01,9.9998434e-01,9.9998265e-01,9.9998860e-01,9.9996638e-01,9.9990703e-01,9.9991411e-01,9.9992736e-01,9.9993419e-01,9.9997984e-01,9.9977511e-01,9.5512383e-01,2.8935465e-02,2.1088005e-11,1.0022662e-24,6.5170270e-24,1.7207429e-06
0.00010,1.0E-7,100,0.05,1.,1.3860756e-01,1.3779941e-01,4.8008968e-02,3.3584424e-02,3.3584424e-02,3.3584424e-02,3.3584424e-02,3.3584424e-02,3.3584424e-02,3.3584424e-02,3.3584424e-02,3.3584424e-02,3.3584424e-02,3.3584424e-02,3.3584424e-02,3.3584424e-02,3.3584424e-02,3.3584424e-02,3.3584424e-02,3.3584424e-02,3.3584424e-02,3.3584424e-02,3.3584424e-02,3.3584424e-02,3.3584424e-02,6.6670406e-03,2.5456959e-01,1.0000000e+00
0.0010,1.0E-7,100,0.05,2.,9.9676411e-01,9.0549655e-01,4.9511689e-01,9.1513544e-01,9.1513544e-01,9.1513544e-01,7.7829537e-01,7.7829537e-01,7.7829537e-01,7.7829537e-01,7.5659039e-01,8.0832875e-01,9.1509200e-01,9.1509200e-01,9.0493021e-01,9.0493021e-01,9.0877043e-01,8.1451148e-01,8.9422375e-01,8.9013181e-01,8.7812982e-01,7.4103085e-01,7.4103085e-01,8.6665014e-01,8.6665014e-01,8.3320680e-01,6.6973121e-01,4.9488141e-01
0.00010,1.0E-7,10000,0.05,2.,1.0000000e+00,1.0000000e+00,1.0000000e+00,1.0000000e+00,1.0000000e+00,1.0000000e+00,1.0000000e+00,1.0000000e+00,1.0000000e+00,1.0000000e+00,1.0000000e+00,1.0000000e+00,1.0000000e+00,1.0000000e+00,1.0000000e+00,1.0000000e+00,1.0000000e+00,1.0000000e+00,1.0000000e+00,1.0000000e+00,1.0000000e+00,1.0000000e+00,1.0000000e+00,1.0000000e+00,1.0000000e+00,1.0000000e+00,9.4475473e-01,5.8738906e-06
0.00010,0.0000010,5000,0.05,3.,1.0000000e+00,1.0000000e+00,1.0000000e+00,1.0000000e+00,1.0000000e+00,1.0000000e+00,1.0000000e+00,1.0000000e+00,1.0000000e+00,1.0000000e+00,1.0000000e+00,1.0000000e+00,1.0000000e+00,1.0000000e+00,1.0000000e+00,1.0000000e+00,1.0000000e+00,1.0000000e+00,1.0000000e+00,1.0000000e+00,1.0000000e+00,1.0000000e+00,1.0000000e+00,1.0000000e+00,1.0000000e+00,1.0000000e+00,9.9999934e-01,6.7106602e-01
0.0010,1.0E-7,5000,0.05,3.,1.8328331e-30,1.5757303e-15,2.7800657e-01,9.6223406e-01,9.6779674e-01,9.5975576e-01,9.7543565e-01,9.7265654e-01,9.5992274e-01,9.5557928e-01,9.6347247e-01,9.5619221e-01,9.5073057e-01,9.6207243e-01,9.6533308e-01,9.6732491e-01,9.6247451e-01,9.4058896e-01,8.9559693e-01,8.6035210e-01,8.4683147e-01,7.7002205e-01,7.7884576e-02,3.1480565e-10,0.0000000e+00,0.0000000e+00,0.0000000e+00,1.8565058e-31
0.010,0.0000010,5000,0.05,1.,2.1770824e-03,1.0140821e-02,8.6736983e-02,4.5660233e-01,4.3985259e-01,1.2819492e-01,2.9460983e-01,3.2652861e-01,2.9376979e-01,8.2895548e-02,2.3330646e-01,5.3957892e-02,8.2044439e-02,2.2344201e-01,3.8500313e-01,1.4281308e-01,1.2685880e-01,1.3842776e-01,1.8860891e-01,6.0986375e-02,1.8408082e-01,1.5776857e-01,5.3532424e-01,2.7772940e-01,2.3560833e-01,1.2361350e-02,1.4334544e-01,2.3270593e-01
0.00010,1.0E-7,100,0.05,2.,9.9098146e-01,9.8187137e-01,9.8302740e-01,9.6188069e-01,9.6188069e-01,9.6188069e-01,9.6188069e-01,9.6188069e-01,9.6188069e-01,9.6188069e-01,9.6188069e-01,9.6188069e-01,9.6188069e-01,9.6188069e-01,9.6188069e-01,9.6188069e-01,9.6188069e-01,9.6188069e-01,9.6188069e-01,9.6188069e-01,9.6188069e-01,9.6188069e-01,9.6188069e-01,9.6188069e-01,9.6188069e-01,9.5601807e-01,7.6114127e-01,5.0000000e-01
0.0010,1.0E-7,100,0.05,1.,4.5056764e-01,6.0796246e-01,6.4068469e-01,7.8103013e-01,8.2393564e-01,9.1293303e-01,9.1293303e-01,9.5346281e-01,9.5346281e-01,9.5557923e-01,9.5034756e-01,9.4189849e-01,9.4217038e-01,9.4217038e-01,9.4215438e-01,9.3783678e-01,9.3783678e-01,9.3783678e-01,9.3783678e-01,9.5802204e-01,9.3864355e-01,9.3864355e-01,9.3864355e-01,9.4918854e-01,9.4918854e-01,8.2096826e-01,6.6353033e-01,8.3490909e-01
0.010,0.0000010,100,0.05,3.,1.2588940e-01,1.7638384e-01,2.0695899e-01,1.9370262e-01,1.0440892e-01,9.9703527e-02,7.0029449e-02,1.4535959e-01,2.1491849e-01,5.0110829e-01,3.7023670e-01,4.7883861e-01,5.6078482e-01,7.0306364e-01,5.9554391e-01,6.0669145e-01,5.8959248e-01,7.4768463e-01,7.0841001e-01,5.3771477e-01,4.5756672e-01,4.3367898e-01,5.0668927e-01,6.4404573e-01,6.9094793e-01,6.1679185e-01,6.1541872e-01,4.5849825e-01
0.010,1.0E-7,5000,0.05,1.,7.5796549e-04,5.9067031e-03,2.2517621e-02,3.8363703e-01,6.3085808e-01,5.8015475e-01,7.9190328e-01,7.3338340e-01,8.2396663e-01,8.4062493e-01,7.5748235e-01,5.0524106e-01,3.6490060e-01,2.4675259e-01,6.2721167e-01,6.1469416e-01,6.9156386e-01,5.9252025e-01,6.9256665e-01,4.3410994e-01,4.1082622e-01,1.6563529e-01,7.9343706e-02,4.1481477e-01,3.3778282e-01,4.4858710e-01,2.5492801e-01,1.8245750e-01
0.00010,1.0E-7,10000,0.05,3.,1.0000000e+00,1.0000000e+00,1.0000000e+00,1.0000000e+00,1.0000000e+00,1.0000000e+00,1.0000000e+00,1.0000000e+00,1.0000000e+00,1.0000000e+00,1.0000000e+00,1.0000000e+00,1.0000000e+00,1.0000000e+00,1.0000000e+00,1.0000000e+00,1.0000000e+00,1.0000000e+00,1.0000000e+00,1.0000000e+00,1.0000000e+00,1.0000000e+00,1.0000000e+00,1.0000000e+00,1.0000000e+00,1.0000000e+00,9.8947057e-01,3.8993092e-01
0.00010,0.0000010,5000,0.05,2.,1.0000000e+00,1.0000000e+00,1.0000000e+00,1.0000000e+00,1.0000000e+00,1.0000000e+00,1.0000000e+00,1.0000000e+00,1.0000000e+00,1.0000000e+00,1.0000000e+00,1.0000000e+00,1.0000000e+00,1.0000000e+00,1.0000000e+00,1.0000000e+00,1.0000000e+00,1.0000000e+00,1.0000000e+00,1.0000000e+00,1.0000000e+00,1.0000000e+00,1.0000000e+00,1.0000000e+00,1.0000000e+00,1.0000000e+00,9.9999887e-01,3.6358005e-01
0.0010,1.0E-7,5000,0.05,2.,3.7312030e-13,3.8258020e-05,9.3758781e-01,9.9999791e-01,9.9999829e-01,9.9999713e-01,9.9999671e-01,9.9999932e-01,9.9999891e-01,9.9999799e-01,9.9999820e-01,9.9999782e-01,9.9999826e-01,9.9999809e-01,9.9999737e-01,9.9999544e-01,9.9998845e-01,9.9998577e-01,9.9998478e-01,9.9991676e-01,9.9989875e-01,9.9975466e-01,9.0065646e-01,1.8713967e-03,8.3481971e-20,0.0000000e+00,0.0000000e+00,5.7321345e-14
0.00010,1.0E-7,5000,0.05,1.,1.0000000e+00,1.0000000e+00,1.0000000e+00,1.0000000e+00,1.0000000e+00,1.0000000e+00,1.0000000e+00,1.0000000e+00,1.0000000e+00,1.0000000e+00,1.0000000e+00,1.0000000e+00,1.0000000e+00,1.0000000e+00,1.0000000e+00,1.0000000e+00,1.0000000e+00,1.0000000e+00,1.0000000e+00,1.0000000e+00,1.0000000e+00,1.0000000e+00,1.0000000e+00,1.0000000e+00,1.0000000e+00,1.0000000e+00,9.9795372e-01,1.0933399e-01
0.00010,1.0E-7,100,0.05,3.,7.1111063e-01,2.9620916e-01,1.3372534e-01,7.0856631e-02,7.0856631e-02,7.0856631e-02,7.0856631e-02,7.0856631e-02,7.0856631e-02,7.0856631e-02,7.0856631e-02,7.0856631e-02,7.0856631e-02,7.0856631e-02,7.0856631e-02,7.0856631e-02,7.0856631e-02,7.0856631e-02,7.0856631e-02,7.0856631e-02,7.0856631e-02,7.0856631e-02,7.0856631e-02,7.0856631e-02,7.0856631e-02,1.0203859e-01,6.2939522e-01,1.0000000e+00
0.0010,0.0000010,5000,0.05,1.,1.5438280e-27,1.3533431e-13,1.9579468e-01,9.5750070e-01,9.6996414e-01,9.6624030e-01,9.6652983e-01,9.7700955e-01,9.7141747e-01,9.6562653e-01,9.3484545e-01,9.4451090e-01,9.5478076e-01,9.3056566e-01,9.5473375e-01,9.5243653e-01,9.0143596e-01,9.3142702e-01,8.8284501e-01,8.6969652e-01,8.4402411e-01,6.9710845e-01,3.0787633e-02,1.0639744e-11,0.0000000e+00,0.0000000e+00,0.0000000e+00,9.6452090e-17
0.010,0.0000010,100,0.05,2.,8.0510228e-01,8.4218790e-01,7.0601720e-01,5.8765166e-01,6.2370745e-01,7.1505669e-01,8.7362922e-01,8.6601525e-01,4.5467034e-01,4.6495429e-01,5.1883399e-01,7.2611814e-01,8.7337724e-01,8.3400247e-01,8.7156239e-01,8.3206866e-01,1.0322037e-01,6.7304183e-02,6.7298468e-02,9.6445023e-02,1.6441380e-01,1.3003924e-01,5.0931762e-02,3.4992503e-02,7.9518514e-02,5.7944940e-02,1.5628448e-02,2.1909037e-02
